Bias Category,Bias Type,Business as victim,Case Type,Location Type,Open Data Case Number,Primary Offense Type,Report Month/Year,Suspect Age,Suspect Gender,Suspect Race,Victim Age,Victim Gender,Victim Race,Victim Suspect Relationship
,,,BIAS UNFOUNDED,,6e+2016e+10,,2016-01-01,,,,,,,
,,,BIAS UNFOUNDED,,10717107779,,2017-04-01,,,,,,,
,,,BIAS UNFOUNDED,,10918109015,,2018-04-01,,,,,,,
,,,BIAS UNFOUNDED,,11102011167,,2020-01-01,,,,,,,
,,,BIAS UNFOUNDED,,11319113015,,2019-04-01,,,,,,,
,,,BIAS UNFOUNDED,,11401611466,,2016-01-01,,,,,,,
,,,BIAS UNFOUNDED,,11815118547,,2015-04-01,,,,,,,
,,,BIAS UNFOUNDED,,11817118756,,2017-04-01,,,,,,,
,,,BIAS UNFOUNDED,,12017120510,,2017-04-01,,,,,,,
,,,BIAS UNFOUNDED,,12519125777,,2019-04-01,,,,,,,
,,,BIAS UNFOUNDED,,12601912695,,2019-01-01,,,,,,,
,,,BIAS UNFOUNDED,,12619126485,,2019-04-01,,,,,,,
,,,BIAS UNFOUNDED,,12719127960,,2019-04-01,,,,,,,
,,,BIAS UNFOUNDED,,13817138958,,2017-05-01,,,,,,,
,,,BIAS UNFOUNDED,,14117141110,,2017-05-01,,,,,,,
,,,BIAS UNFOUNDED,,14118141120,,2018-04-01,,,,,,,
,,,BIAS UNFOUNDED,,14217142454,,2017-05-01,,,,,,,
,,,BIAS UNFOUNDED,,14419144289,,2019-05-01,,,,,,,
,,,BIAS UNFOUNDED,,14917149030,,2017-05-01,,,,,,,
,,,BIAS UNFOUNDED,,14919149038,,2019-05-01,,,,,,,
,,,BIAS UNFOUNDED,,15217152540,,2017-05-01,,,,,,,
,,,BIAS UNFOUNDED,,15717157872,,2017-05-01,,,,,,,
,,,BIAS UNFOUNDED,,15901615958,,2016-01-01,,,,,,,
,,,BIAS UNFOUNDED,,16017160273,,2017-05-01,,,,,,,
,,,BIAS UNFOUNDED,,16119161551,,2019-05-01,,,,,,,
,,,BIAS UNFOUNDED,,16219162996,,2019-05-01,,,,,,,
,,,BIAS UNFOUNDED,,16319163965,,2019-05-01,,,,,,,
,,,BIAS UNFOUNDED,,16517165581,,2017-05-01,,,,,,,
,,,BIAS UNFOUNDED,,17017170511,,2017-06-01,,,,,,,
,,,BIAS UNFOUNDED,,17717177901,,2017-06-01,,,,,,,
,,,BIAS UNFOUNDED,,17718177906,,2018-05-01,,,,,,,
,,,BIAS UNFOUNDED,,17915179955,,2015-05-01,,,,,,,
,,,BIAS UNFOUNDED,,18017180175,,2017-06-01,,,,,,,
,,,BIAS UNFOUNDED,,18118181963,,2018-05-01,,,,,,,
,,,BIAS UNFOUNDED,,18419184166,,2019-06-01,,,,,,,
,,,BIAS UNFOUNDED,,18519185377,,2019-06-01,,,,,,,
,,,BIAS UNFOUNDED,,18617186965,,2017-06-01,,,,,,,
,,,BIAS UNFOUNDED,,18816188555,,2016-06-01,,,,,,,
,,,BIAS UNFOUNDED,,18817188995,,2017-06-01,,,,,,,
,,,BIAS UNFOUNDED,,18818188033,,2018-06-01,,,,,,,
,,,BIAS UNFOUNDED,,18818188226,,2018-06-01,,,,,,,
,,,BIAS UNFOUNDED,,19217192689,,2017-06-01,,,,,,,
,,,BIAS UNFOUNDED,,19519195074,,2019-06-01,,,,,,,
,,,BIAS UNFOUNDED,,19519195861,,2019-06-01,,,,,,,
,,,BIAS UNFOUNDED,,19718197848,,2018-06-01,,,,,,,
,,,BIAS UNFOUNDED,,19815198134,,2015-06-01,,,,,,,
,,,BIAS UNFOUNDED,,20118201513,,2018-06-01,,,,,,,
,,,BIAS UNFOUNDED,,20218202037,,2018-06-01,,,,,,,
,,,BIAS UNFOUNDED,,20317203209,,2017-06-01,,,,,,,
,,,BIAS UNFOUNDED,,20418204225,,2018-06-01,,,,,,,
,,,BIAS UNFOUNDED,,20619206615,,2019-06-01,,,,,,,
,,,BIAS UNFOUNDED,,20918209059,,2018-06-01,,,,,,,
,,,BIAS UNFOUNDED,,21218212462,,2018-06-01,,,,,,,
,,,BIAS UNFOUNDED,,21402021474,,2020-01-01,,,,,,,
,,,BIAS UNFOUNDED,,21518215635,,2018-06-01,,,,,,,
,,,BIAS UNFOUNDED,,21717217241,,2017-07-01,,,,,,,
,,,BIAS UNFOUNDED,,21917219320,,2017-07-01,,,,,,,
,,,BIAS UNFOUNDED,,22317223457,,2017-07-01,,,,,,,
,,,BIAS UNFOUNDED,,22419224942,,2019-07-01,,,,,,,
,,,BIAS UNFOUNDED,,22717227035,,2017-07-01,,,,,,,
,,,BIAS UNFOUNDED,,23119231821,,2019-07-01,,,,,,,
,,,BIAS UNFOUNDED,,23317233248,,2017-07-01,,,,,,,
,,,BIAS UNFOUNDED,,23319233697,,2019-07-01,,,,,,,
,,,BIAS UNFOUNDED,,23417234141,,2017-07-01,,,,,,,
,,,BIAS UNFOUNDED,,23817238391,,2017-07-01,,,,,,,
,,,BIAS UNFOUNDED,,23818238391,,2018-07-01,,,,,,,
,,,BIAS UNFOUNDED,,24001724003,,2017-01-01,,,,,,,
,,,BIAS UNFOUNDED,,24018240144,,2018-07-01,,,,,,,
,,,BIAS UNFOUNDED,,24119241656,,2019-07-01,,,,,,,
,,,BIAS UNFOUNDED,,24217242566,,2017-07-01,,,,,,,
,,,BIAS UNFOUNDED,,24501624566,,2016-01-01,,,,,,,
,,,BIAS UNFOUNDED,,25117251108,,2017-08-01,,,,,,,
,,,BIAS UNFOUNDED,,25317253947,,2017-08-01,,,,,,,
,,,BIAS UNFOUNDED,,25517255416,,2017-08-01,,,,,,,
,,,BIAS UNFOUNDED,,25901825938,,2018-01-01,,,,,,,
,,,BIAS UNFOUNDED,,25917259965,,2017-08-01,,,,,,,
,,,BIAS UNFOUNDED,,26218262971,,2018-08-01,,,,,,,
,,,BIAS UNFOUNDED,,26316263089,,2016-08-01,,,,,,,
,,,BIAS UNFOUNDED,,26418264142,,2018-08-01,,,,,,,
,,,BIAS UNFOUNDED,,26418264988,,2018-08-01,,,,,,,
,,,BIAS UNFOUNDED,,26616266883,,2016-08-01,,,,,,,
,,,BIAS UNFOUNDED,,26616266965,,2016-08-01,,,,,,,
,,,BIAS UNFOUNDED,,26619266129,,2019-08-01,,,,,,,
,,,BIAS UNFOUNDED,,26719267634,,2019-08-01,,,,,,,
,,,BIAS UNFOUNDED,,26817268165,,2017-08-01,,,,,,,
,,,BIAS UNFOUNDED,,26819268668,,2019-08-01,,,,,,,
,,,BIAS UNFOUNDED,,27118271698,,2018-08-01,,,,,,,
,,,BIAS UNFOUNDED,,27119271241,,2019-08-01,,,,,,,
,,,BIAS UNFOUNDED,,27318273019,,2018-08-01,,,,,,,
,,,BIAS UNFOUNDED,,27318273034,,2018-08-01,,,,,,,
,,,BIAS UNFOUNDED,,27517275446,,2017-08-01,,,,,,,
,,,BIAS UNFOUNDED,,27619276690,,2019-08-01,,,,,,,
,,,BIAS UNFOUNDED,,27715277489,,2015-08-01,,,,,,,
,,,BIAS UNFOUNDED,,27717277159,,2017-08-01,,,,,,,
,,,BIAS UNFOUNDED,,27918279826,,2018-08-01,,,,,,,
,,,BIAS UNFOUNDED,,27919279655,,2019-08-01,,,,,,,
,,,BIAS UNFOUNDED,,28318283562,,2018-08-01,,,,,,,
,,,BIAS UNFOUNDED,,28417284256,,2017-08-01,,,,,,,
,,,BIAS UNFOUNDED,,28618286281,,2018-08-01,,,,,,,
,,,BIAS UNFOUNDED,,28917289368,,2017-09-01,,,,,,,
,,,BIAS UNFOUNDED,,28918289851,,2018-08-01,,,,,,,
,,,BIAS UNFOUNDED,,29019290986,,2019-08-01,,,,,,,
,,,BIAS UNFOUNDED,,29118291816,,2018-08-01,,,,,,,
,,,BIAS UNFOUNDED,,29218292137,,2018-08-01,,,,,,,
,,,BIAS UNFOUNDED,,29517295017,,2017-09-01,,,,,,,
,,,BIAS UNFOUNDED,,29601729642,,2017-01-01,,,,,,,
,,,BIAS UNFOUNDED,,29719297339,,2019-08-01,,,,,,,
,,,BIAS UNFOUNDED,,29915299930,,2015-08-01,,,,,,,
,,,BIAS UNFOUNDED,,29918299147,,2018-09-01,,,,,,,
,,,BIAS UNFOUNDED,,30016300449,,2016-09-01,,,,,,,
,,,BIAS UNFOUNDED,,30016300637,,2016-09-01,,,,,,,
,,,BIAS UNFOUNDED,,30019300239,,2019-08-01,,,,,,,
,,,BIAS UNFOUNDED,,30119301411,,2019-09-01,,,,,,,
,,,BIAS UNFOUNDED,,30617306597,,2017-09-01,,,,,,,
,,,BIAS UNFOUNDED,,30817308931,,2017-09-01,,,,,,,
,,,BIAS UNFOUNDED,,30819308416,,2019-09-01,,,,,,,
,,,BIAS UNFOUNDED,,31018310178,,2018-09-01,,,,,,,
,,,BIAS UNFOUNDED,,31317313800,,2017-09-01,,,,,,,
,,,BIAS UNFOUNDED,,31417314586,,2017-09-01,,,,,,,
,,,BIAS UNFOUNDED,,31617316816,,2017-09-01,,,,,,,
,,,BIAS UNFOUNDED,,31619316796,,2019-09-01,,,,,,,
,,,BIAS UNFOUNDED,,31818318368,,2018-09-01,,,,,,,
,,,BIAS UNFOUNDED,,31901931907,,2019-01-01,,,,,,,
,,,BIAS UNFOUNDED,,32117321962,,2017-09-01,,,,,,,
,,,BIAS UNFOUNDED,,32118321908,,2018-09-01,,,,,,,
,,,BIAS UNFOUNDED,,32417324386,,2017-10-01,,,,,,,
,,,BIAS UNFOUNDED,,32915329180,,2015-09-01,,,,,,,
,,,BIAS UNFOUNDED,,32919329556,,2019-09-01,,,,,,,
,,,BIAS UNFOUNDED,,33019330609,,2019-09-01,,,,,,,
,,,BIAS UNFOUNDED,,33417334171,,2017-10-01,,,,,,,
,,,BIAS UNFOUNDED,,33618336587,,2018-10-01,,,,,,,
,,,BIAS UNFOUNDED,,33916339226,,2016-10-01,,,,,,,
,,,BIAS UNFOUNDED,,34101934151,,2019-01-01,,,,,,,
,,,BIAS UNFOUNDED,,34117341152,,2017-10-01,,,,,,,
,,,BIAS UNFOUNDED,,34818348211,,2018-10-01,,,,,,,
,,,BIAS UNFOUNDED,,34917349065,,2017-10-01,,,,,,,
,,,BIAS UNFOUNDED,,34918349495,,2018-10-01,,,,,,,
,,,BIAS UNFOUNDED,,34919349935,,2019-10-01,,,,,,,
,,,BIAS UNFOUNDED,,35117351092,,2017-10-01,,,,,,,
,,,BIAS UNFOUNDED,,35518355578,,2018-10-01,,,,,,,
,,,BIAS UNFOUNDED,,35519355203,,2019-10-01,,,,,,,
,,,BIAS UNFOUNDED,,35601735665,,2017-02-01,,,,,,,
,,,BIAS UNFOUNDED,,35818358851,,2018-10-01,,,,,,,
,,,BIAS UNFOUNDED,,35819358060,,2019-10-01,,,,,,,
,,,BIAS UNFOUNDED,,36017360647,,2017-11-01,,,,,,,
,,,BIAS UNFOUNDED,,36317363463,,2017-11-01,,,,,,,
,,,BIAS UNFOUNDED,,36618366207,,2018-10-01,,,,,,,
,,,BIAS UNFOUNDED,,36716367595,,2016-11-01,,,,,,,
,,,BIAS UNFOUNDED,,36801736809,,2017-02-01,,,,,,,
,,,BIAS UNFOUNDED,,36918369835,,2018-10-01,,,,,,,
,,,BIAS UNFOUNDED,,37219372083,,2019-10-01,,,,,,,
,,,BIAS UNFOUNDED,,37419374321,,2019-10-01,,,,,,,
,,,BIAS UNFOUNDED,,37618376794,,2018-11-01,,,,,,,
,,,BIAS UNFOUNDED,,37619376644,,2019-11-01,,,,,,,
,,,BIAS UNFOUNDED,,38016380747,,2016-11-01,,,,,,,
,,,BIAS UNFOUNDED,,38017380383,,2017-11-01,,,,,,,
,,,BIAS UNFOUNDED,,38118381317,,2018-11-01,,,,,,,
,,,BIAS UNFOUNDED,,38419384125,,2019-11-01,,,,,,,
,,,BIAS UNFOUNDED,,38715387720,,2015-11-01,,,,,,,
,,,BIAS UNFOUNDED,,38717387496,,2017-11-01,,,,,,,
,,,BIAS UNFOUNDED,,38901938926,,2019-02-01,,,,,,,
,,,BIAS UNFOUNDED,,39501939553,,2019-02-01,,,,,,,
,,,BIAS UNFOUNDED,,39517395013,,2017-12-01,,,,,,,
,,,BIAS UNFOUNDED,,39602039673,,2020-02-01,,,,,,,
,,,BIAS UNFOUNDED,,39618396428,,2018-11-01,,,,,,,
,,,BIAS UNFOUNDED,,39719397297,,2019-11-01,,,,,,,
,,,BIAS UNFOUNDED,,40115401763,,2015-11-01,,,,,,,
,,,BIAS UNFOUNDED,,40319403532,,2019-11-01,,,,,,,
,,,BIAS UNFOUNDED,,40619406372,,2019-11-01,,,,,,,
,,,BIAS UNFOUNDED,,41417414551,,2017-12-01,,,,,,,
,,,BIAS UNFOUNDED,,41515415879,,2015-12-01,,,,,,,
,,,BIAS UNFOUNDED,,42019420451,,2019-12-01,,,,,,,
,,,BIAS UNFOUNDED,,42215422176,,2015-12-01,,,,,,,
,,,BIAS UNFOUNDED,,42319423680,,2019-12-01,,,,,,,
,,,BIAS UNFOUNDED,,42618426941,,2018-12-01,,,,,,,
,,,BIAS UNFOUNDED,,42801842864,,2018-02-01,,,,,,,
,,,BIAS UNFOUNDED,,43518435034,,2018-12-01,,,,,,,
,,,BIAS UNFOUNDED,,43618436353,,2018-12-01,,,,,,,
,,,BIAS UNFOUNDED,,44220204422,,2020-01-01,,,,,,,
,,,BIAS UNFOUNDED,,47502047503,,2020-02-01,,,,,,,
,,,BIAS UNFOUNDED,,53301953399,,2019-02-01,,,,,,,
,,,BIAS UNFOUNDED,,56301756372,,2017-02-01,,,,,,,
,,,BIAS UNFOUNDED,,60701960765,,2019-02-01,,,,,,,
,,,BIAS UNFOUNDED,,60902060924,,2020-02-01,,,,,,,
,,,BIAS UNFOUNDED,,65320206537,,2020-01-01,,,,,,,
,,,BIAS UNFOUNDED,,65901765984,,2017-03-01,,,,,,,
,,,BIAS UNFOUNDED,,67001967020,,2019-03-01,,,,,,,
,,,BIAS UNFOUNDED,,67201967223,,2019-03-01,,,,,,,
,,,BIAS UNFOUNDED,,67301767367,,2017-03-01,,,,,,,
,,,BIAS UNFOUNDED,,68016680993,,2016-09-01,,,,,,,
,,,BIAS UNFOUNDED,,68401868428,,2018-02-01,,,,,,,
,,,BIAS UNFOUNDED,,68801768853,,2017-03-01,,,,,,,
,,,BIAS UNFOUNDED,,68802068883,,2020-02-01,,,,,,,
,,,BIAS UNFOUNDED,,71201971210,,2019-03-01,,,,,,,
,,,BIAS UNFOUNDED,,71502071596,,2020-03-01,,,,,,,
,,,BIAS UNFOUNDED,,71701871715,,2018-03-01,,,,,,,
,,,BIAS UNFOUNDED,,75701775722,,2017-03-01,,,,,,,
,,,BIAS UNFOUNDED,,77301877305,,2018-03-01,,,,,,,
,,,BIAS UNFOUNDED,,77901777912,,2017-03-01,,,,,,,
,,,BIAS UNFOUNDED,,80017800147,,2017-01-01,,,,,,,
,,,BIAS UNFOUNDED,,80217802108,,2017-05-01,,,,,,,
,,,BIAS UNFOUNDED,,80217802109,,2017-06-01,,,,,,,
,,,BIAS UNFOUNDED,,80420188042,,2018-01-01,,,,,,,
,,,BIAS UNFOUNDED,,83301783364,,2017-03-01,,,,,,,
,,,BIAS UNFOUNDED,,84320178430,,2017-01-01,,,,,,,
,,,BIAS UNFOUNDED,,89001889098,,2018-03-01,,,,,,,
,,,BIAS UNFOUNDED,,90020900706,,2020-01-01,,,,,,,
,,,BIAS UNFOUNDED,,90119901395,,2019-01-01,,,,,,,
,,,BIAS UNFOUNDED,,90219902244,,2019-02-01,,,,,,,
,,,BIAS UNFOUNDED,,90319903110,,2019-02-01,,,,,,,
,,,BIAS UNFOUNDED,,90519905618,,2019-04-01,,,,,,,
,,,BIAS UNFOUNDED,,90716907824,,2016-07-01,,,,,,,
,,,BIAS UNFOUNDED,,90917909511,,2017-07-01,,,,,,,
,,,BIAS UNFOUNDED,,91117911296,,2017-08-01,,,,,,,
,,,BIAS UNFOUNDED,,91217912802,,2017-08-01,,,,,,,
,,,BIAS UNFOUNDED,,91218912959,,2018-08-01,,,,,,,
,,,BIAS UNFOUNDED,,91318913008,,2018-08-01,,,,,,,
,,,BIAS UNFOUNDED,,91318913540,,2018-08-01,,,,,,,
,,,BIAS UNFOUNDED,,91319913967,,2019-08-01,,,,,,,
,,,BIAS UNFOUNDED,,95501995576,,2019-03-01,,,,,,,
,,,BIAS UNFOUNDED,,96201996239,,2019-03-01,,,,,,,
,,,BIAS UNFOUNDED,,96201996296,,2019-03-01,,,,,,,
,,,BIAS UNFOUNDED,,98001998010,,2019-03-01,,,,,,,
,,,BIAS UNFOUNDED,,98001998086,,2019-03-01,,,,,,,
,,,BIAS UNFOUNDED,,98401898431,,2018-03-01,,,,,,,
,,,UNKNOWN,,11318113780,,2018-04-01,,,,,,,
,,,UNKNOWN,,11618116641,,2018-04-01,,,,,,,
,,,UNKNOWN,,11918119239,,2018-04-01,,,,,,,
,,,UNKNOWN,,13316133821,,2016-04-01,,,,,,,
,,,UNKNOWN,,14318143454,,2018-05-01,,,,,,,
,,,UNKNOWN,,16317163203,,2017-05-01,,,,,,,
,,,UNKNOWN,,16318163747,,2018-05-01,,,,,,,
,,,UNKNOWN,,17015170217,,2015-05-01,,,,,,,
,,,UNKNOWN,,17019170547,,2019-05-01,,,,,,,
,,,UNKNOWN,,17217172594,,2017-06-01,,,,,,,
,,,UNKNOWN,,17819178408,,2019-05-01,,,,,,,
,,,UNKNOWN,,18117181640,,2017-06-01,,,,,,,
,,,UNKNOWN,,18518185939,,2018-06-01,,,,,,,
,,,UNKNOWN,,18817188195,,2017-06-01,,,,,,,
,,,UNKNOWN,,19116191573,,2016-06-01,,,,,,,
,,,UNKNOWN,,19316193012,,2016-06-01,,,,,,,
,,,UNKNOWN,,19619196296,,2019-06-01,,,,,,,
,,,UNKNOWN,,20115201853,,2015-06-01,,,,,,,
,,,UNKNOWN,,25417254039,,2017-08-01,,,,,,,
,,,UNKNOWN,,25701525749,,2015-04-01,,,,,,,
,,,UNKNOWN,,26015260623,,2015-07-01,,,,,,,
,,,UNKNOWN,,27618276911,,2018-08-01,,,,,,,
,,,UNKNOWN,,28518285382,,2018-08-01,,,,,,,
,,,UNKNOWN,,29717297773,,2017-09-01,,,,,,,
,,,UNKNOWN,,30815308034,,2015-09-01,,,,,,,
,,,UNKNOWN,,31118311790,,2018-09-01,,,,,,,
,,,UNKNOWN,,31215312369,,2015-09-01,,,,,,,
,,,UNKNOWN,,31419314989,,2019-09-01,,,,,,,
,,,UNKNOWN,,33016330254,,2016-10-01,,,,,,,
,,,UNKNOWN,,33115331443,,2015-09-01,,,,,,,
,,,UNKNOWN,,34215342436,,2015-10-01,,,,,,,
,,,UNKNOWN,,35016350832,,2016-10-01,,,,,,,
,,,UNKNOWN,,35315353031,,2015-10-01,,,,,,,
,,,UNKNOWN,,35417354308,,2017-10-01,,,,,,,
,,,UNKNOWN,,35818358190,,2018-10-01,,,,,,,
,,,UNKNOWN,,36815368839,,2015-10-01,,,,,,,
,,,UNKNOWN,,37401937488,,2019-02-01,,,,,,,
,,,UNKNOWN,,37416374429,,2016-11-01,,,,,,,
,,,UNKNOWN,,37618376962,,2018-11-01,,,,,,,
,,,UNKNOWN,,38017380518,,2017-11-01,,,,,,,
,,,UNKNOWN,,39818398423,,2018-11-01,,,,,,,
,,,UNKNOWN,,42519425499,,2019-12-01,,,,,,,
,,,UNKNOWN,,57001857016,,2018-02-01,,,,,,,
,,,UNKNOWN,,63001863042,,2018-02-01,,,,,,,
,,,UNKNOWN,,68017680653,,2017-05-01,,,,,,,
,,,UNKNOWN,,68017680654,,2017-05-01,,,,,,,
,,,UNKNOWN,,74201874227,,2018-03-01,,,,,,,
,,,UNKNOWN,,74702074704,,2020-03-01,,,,,,,
,,,UNKNOWN,,78401978442,,2019-03-01,,,,,,,
,,,UNKNOWN,,80118801748,,2018-05-01,,,,,,,
,,,UNKNOWN,,80118801751,,2018-04-01,,,,,,,
,,,UNKNOWN,,81301981366,,2019-03-01,,,,,,,
,,,UNKNOWN,,81602081640,,2020-03-01,,,,,,,
,,,UNKNOWN,,90201890264,,2018-03-01,,,,,,,
,,,UNKNOWN,,90301690317,,2016-03-01,,,,,,,
,,,UNKNOWN,,91116911282,,2016-09-01,,,,,,,
,,,UNKNOWN,,91517915728,,2017-10-01,,,,,,,
,,,UNKNOWN,,92301992334,,2019-03-01,,,,,,,
Disability,ANTI-MENTAL DISABILITY,,BIAS CRIME,Street/Highway/ Road/Alley/ Sidewalk,11901711962,Simple Assault,2017-01-01,22,Male,Black,50,Female,White,RELATIONSHIP UNKNOWN
Ethnicity,ANTI-ARAB,,BIAS CRIME,Restaurant,12117121334,Aggravated Assault,2017-04-01,30,Male,White,22,Male,Black,VICTIM WAS STRANGER
Ethnicity,ANTI-ARAB,,BIAS CRIME,Street/Highway/Road/Alley/Sidewalk,32321323844,Aggravated Assault,2021-11-01,52,Male,White,24,Male,Latinx,VICTIM WAS STRANGER
Ethnicity,ANTI-ARAB,,BIAS CRIME,Street/Highway/Road/Alley/Sidewalk,32321323844,Aggravated Assault,2021-11-01,52,Male,White,57,Male,White,VICTIM WAS STRANGER
Ethnicity,ANTI-ARAB,,BIAS INCIDENT,Residence/Home,23521235920,,2021-08-01,,,,,,,
Ethnicity,ANTI-ARAB,VICTIM,BIAS CRIME,Cyberspace,39519395230,Intimidation,2019-11-01,,,,,,,RELATIONSHIP UNKNOWN
Ethnicity,ANTI-ARAB,VICTIM,BIAS CRIME,Restaurant,33718337949,Vandalism,2018-10-01,30,Male,White,,,,
Ethnicity,ANTI-HISPANIC or LATINO,,BIAS CRIME,Auto Dealership/New/Used,17520175796,Aggravated Assault,2020-05-01,,,,23,Male,Native American,
Ethnicity,ANTI-HISPANIC or LATINO,,BIAS CRIME,Park/Playground,17121171118,Robbery,2021-06-01,34,Male,White,53,Female,Latinx,VICTIM WAS STRANGER
Ethnicity,ANTI-HISPANIC or LATINO,,BIAS CRIME,Street/Highway/Road/Alley/Sidewalk,21621216892,Disorderly Conduct,2021-08-01,47,Male,White,,,,
Ethnicity,ANTI-HISPANIC or LATINO,,BIAS CRIME,Street/Highway/Road/Alley/Sidewalk,33521335815,Intimidation,2021-12-01,51,Male,Latinx,2,Male,Latinx,VICTIM WAS STRANGER
Ethnicity,ANTI-HISPANIC or LATINO,,BIAS CRIME,Street/Highway/Road/Alley/Sidewalk,33521335815,Intimidation,2021-12-01,51,Male,Latinx,3,Male,Latinx,VICTIM WAS STRANGER
Ethnicity,ANTI-HISPANIC or LATINO,,BIAS CRIME,Street/Highway/Road/Alley/Sidewalk,33521335815,Intimidation,2021-12-01,51,Male,Latinx,21,Female,Latinx,VICTIM WAS STRANGER
Ethnicity,ANTI-HISPANIC or LATINO,,BIAS CRIME,Street/Highway/Road/Alley/Sidewalk,33521335815,Intimidation,2021-12-01,51,Male,Latinx,30,Male,Latinx,VICTIM WAS STRANGER
Ethnicity,ANTI-HISPANIC or LATINO,,BIAS CRIME,Street/Highway/Road/Alley/Sidewalk,11120111907,Simple Assault,2020-04-01,38,Male,White,37,Female,White,RELATIONSHIP UNKNOWN
Ethnicity,ANTI-HISPANIC or LATINO,,BIAS INCIDENT,Parking/Drop Lot/Garage,25221252717,,2021-09-01,,,,,,,
Ethnicity,ANTI-HISPANIC or LATINO,,BIAS INCIDENT,Residence/Home,12421124821,,2021-05-01,,,,,,,
Ethnicity,ANTI-HISPANIC or LATINO,,BIAS INCIDENT,Street/Highway/Road/Alley/Sidewalk,19921199905,,2021-07-01,,,,,,,
Ethnicity,ANTI-HISPANIC or LATINO,,BIAS INCIDENT,Street/Highway/Road/Alley/Sidewalk,11721117675,Vandalism,2021-05-01,28,Male,White,32,Male,Latinx,RELATIONSHIP UNKNOWN
Ethnicity,ANTI-HISPANIC or LATINO,,BIAS INCIDENT,Street/Highway/Road/Alley/Sidewalk,11721117675,Vandalism,2021-05-01,28,Male,White,49,Male,Latinx,RELATIONSHIP UNKNOWN
Ethnicity,ANTI-HISPANIC or LATINO,,BIAS INCIDENT,Street/Highway/Road/Alley/Sidewalk,11721117675,Vandalism,2021-05-01,39,Male,White,32,Male,Latinx,RELATIONSHIP UNKNOWN
Ethnicity,ANTI-HISPANIC or LATINO,,BIAS INCIDENT,Street/Highway/Road/Alley/Sidewalk,11721117675,Vandalism,2021-05-01,39,Male,White,49,Male,Latinx,RELATIONSHIP UNKNOWN
Ethnicity,ANTI-HISPANIC OR LATINO,,BIAS CRIME,Bar/ Nightclub,31119311310,Aggravated Assault,2019-09-01,30,Female,White,50,Male,White,VICTIM WAS STRANGER
Ethnicity,ANTI-HISPANIC OR LATINO,,BIAS CRIME,Dock/Wharf/Freight/Modal Terminal,27118271121,Simple Assault,2018-08-01,,Male,White,15,Female,Asian,VICTIM WAS STRANGER
Ethnicity,ANTI-HISPANIC OR LATINO,,BIAS CRIME,Dock/Wharf/Freight/Modal Terminal,27118271121,Simple Assault,2018-08-01,,Male,White,15,Male,Asian,VICTIM WAS STRANGER
Ethnicity,ANTI-HISPANIC OR LATINO,,BIAS CRIME,Dock/Wharf/Freight/Modal Terminal,27118271121,Simple Assault,2018-08-01,,Male,White,16,Female,Asian,VICTIM WAS STRANGER
Ethnicity,ANTI-HISPANIC OR LATINO,,BIAS CRIME,Dock/Wharf/Freight/Modal Terminal,27118271121,Simple Assault,2018-08-01,,Male,White,22,Female,Latinx,VICTIM WAS STRANGER
Ethnicity,ANTI-HISPANIC OR LATINO,,BIAS CRIME,Dock/Wharf/Freight/Modal Terminal,27118271121,Simple Assault,2018-08-01,,Male,White,22,Female,White,VICTIM WAS STRANGER
Ethnicity,ANTI-HISPANIC OR LATINO,,BIAS CRIME,Dock/Wharf/Freight/Modal Terminal,27118271121,Simple Assault,2018-08-01,,Male,White,22,Male,Latinx,VICTIM WAS STRANGER
Ethnicity,ANTI-HISPANIC OR LATINO,,BIAS CRIME,Dock/Wharf/Freight/Modal Terminal,27118271121,Simple Assault,2018-08-01,,Male,White,22,Male,White,VICTIM WAS STRANGER
Ethnicity,ANTI-HISPANIC OR LATINO,,BIAS CRIME,Dock/Wharf/Freight/Modal Terminal,27118271121,Simple Assault,2018-08-01,,Male,White,30,Female,White,VICTIM WAS STRANGER
Ethnicity,ANTI-HISPANIC OR LATINO,,BIAS CRIME,Park/Playground,33918339831,Simple Assault,2018-10-01,,Male,White,22,Male,Latinx,VICTIM WAS STRANGER
Ethnicity,ANTI-HISPANIC OR LATINO,,BIAS CRIME,Parking/Drop Lot/Garage,99102099192,Robbery,2020-03-01,22,Male,White,50,Female,Latinx,VICTIM WAS STRANGER
Ethnicity,ANTI-HISPANIC OR LATINO,,BIAS CRIME,Residence /Home,23916239592,Simple Assault,2016-07-01,65,Male,White,50,Male,Latinx,VICTIM WAS ACQUAINTANCE
Ethnicity,ANTI-HISPANIC OR LATINO,,BIAS CRIME,Street/Highway/ Road/Alley/ Sidewalk,12517125848,Aggravated Assault,2017-04-01,30,Male,White,30,Female,Latinx,VICTIM WAS STRANGER
Ethnicity,ANTI-HISPANIC OR LATINO,,BIAS CRIME,Street/Highway/ Road/Alley/ Sidewalk,16416164773,Aggravated Assault,2016-05-01,30,Male,White,22,Female,Latinx,VICTIM WAS STRANGER
Ethnicity,ANTI-HISPANIC OR LATINO,,BIAS CRIME,Street/Highway/ Road/Alley/ Sidewalk,16416164773,Aggravated Assault,2016-05-01,30,Male,White,22,Male,Latinx,VICTIM WAS STRANGER
Ethnicity,ANTI-HISPANIC OR LATINO,,BIAS CRIME,Street/Highway/ Road/Alley/ Sidewalk,18501918573,Aggravated Assault,2019-01-01,30,Male,White,22,,Latinx,VICTIM WAS STRANGER
Ethnicity,ANTI-HISPANIC OR LATINO,,BIAS CRIME,Street/Highway/ Road/Alley/ Sidewalk,18501918573,Aggravated Assault,2019-01-01,30,Male,White,22,Female,Latinx,VICTIM WAS STRANGER
Ethnicity,ANTI-HISPANIC OR LATINO,,BIAS CRIME,Street/Highway/ Road/Alley/ Sidewalk,13617136167,Intimidation,2017-05-01,30,Male,White,30,Female,Latinx,VICTIM WAS STRANGER
Ethnicity,ANTI-HISPANIC OR LATINO,,BIAS CRIME,Street/Highway/ Road/Alley/ Sidewalk,26118261983,Simple Assault,2018-08-01,30,Male,White,30,Female,Latinx,VICTIM WAS STRANGER
Ethnicity,ANTI-HISPANIC OR LATINO,,BIAS CRIME,Street/Highway/ Road/Alley/ Sidewalk,37701737765,Simple Assault,2017-02-01,22,Male,White,30,Male,Latinx,VICTIM WAS STRANGER
Ethnicity,ANTI-ISLAM (MUSLIM),,BIAS CRIME,Cyberspace,80517805235,Intimidation,2017-12-01,,,,22,Male,White,RELATIONSHIP UNKNOWN
Gender,ANTI-FEMALE,,BIAS CRIME,Street/Highway/ Road/Alley/ Sidewalk,18819188056,Simple Assault,2019-06-01,30,Male,Black,22,Female,White,VICTIM WAS STRANGER
Gender,ANTI-FEMALE,,BIAS CRIME,Street/Highway/ Road/Alley/ Sidewalk,18819188056,Simple Assault,2019-06-01,30,Male,Black,50,Female,White,VICTIM WAS STRANGER
Gender Identity,ANTI-GENDER NON-CONFORMING,,BIAS CRIME,Street/Highway/ Road/Alley/ Sidewalk,79901679924,Intimidation,2016-03-01,30,Male,Black,30,Female,White,RELATIONSHIP UNKNOWN
Gender Identity,ANTI-GENDER NON-CONFORMING,,BIAS CRIME,Street/Highway/ Road/Alley/ Sidewalk,37619376243,Simple Assault,2019-11-01,18,Male,White,30,Male,White,VICTIM WAS STRANGER
Gender Identity,ANTI-TRANSGENDER,,BIAS CRIME,Air/Bus/Train Terminal,80018800586,Intimidation,2018-02-01,30,Male,Black,50,Female,White,VICTIM WAS STRANGER
Gender Identity,ANTI-TRANSGENDER,,BIAS CRIME,Parking/Drop Lot/Garage,79002179071,Simple Assault,2021-03-01,48,Female,White,30,Female,White,RELATIONSHIP UNKNOWN
Gender Identity,ANTI-TRANSGENDER,,BIAS CRIME,Residence /Home,34518345807,Simple Assault,2018-10-01,65,Male,White,30,Female,White,VICTIM WAS STRANGER
Gender Identity,ANTI-TRANSGENDER,,BIAS CRIME,Residence/Home,80302180349,All Other Larceny,2021-03-01,55,Male,White,44,Female,White,VICTIM WAS STRANGER
Gender Identity,ANTI-TRANSGENDER,,BIAS CRIME,Street/Highway/ Road/Alley/ Sidewalk,35018350485,Aggravated Assault,2018-10-01,22,Male,White,50,Male,White,VICTIM WAS STRANGER
Gender Identity,ANTI-TRANSGENDER,,BIAS CRIME,Street/Highway/ Road/Alley/ Sidewalk,57401957464,Aggravated Assault,2019-02-01,,Male,Black,30,Female,White,VICTIM WAS STRANGER
Gender Identity,ANTI-TRANSGENDER,,BIAS CRIME,Street/Highway/ Road/Alley/ Sidewalk,25118251038,Simple Assault,2018-07-01,30,Male,White,22,Female,White,VICTIM WAS STRANGER
Gender Identity,ANTI-TRANSGENDER,,BIAS CRIME,Street/Highway/ Road/Alley/ Sidewalk,33619336696,Simple Assault,2019-09-01,30,Male,Latinx,22,Female,White,VICTIM WAS STRANGER
Gender Identity,ANTI-TRANSGENDER,,BIAS CRIME,Street/Highway/ Road/Alley/ Sidewalk,37419374321,Simple Assault,2019-10-01,30,Male,White,30,Female,White,RELATIONSHIP UNKNOWN
Gender Identity,ANTI-TRANSGENDER,,BIAS CRIME,Street/Highway/ Road/Alley/ Sidewalk,29518295584,Vandalism,2018-08-01,,,,22,Female,White,RELATIONSHIP UNKNOWN
Gender Identity,ANTI-TRANSGENDER,,BIAS CRIME,Street/Highway/Road/Alley/Sidewalk,20121201140,Aggravated Assault,2021-07-01,30,Male,Latinx,28,Male,Latinx,VICTIM WAS STRANGER
Gender Identity,ANTI-TRANSGENDER,,BIAS CRIME,Street/Highway/Road/Alley/Sidewalk,23721237873,Simple Assault,2021-08-01,59,Male,Black,35,Female,White,VICTIM WAS ACQUAINTANCE
Gender Identity,ANTI-TRANSGENDER,,BIAS CRIME,Street/Highway/Road/Alley/Sidewalk,34420344243,Simple Assault,2020-11-01,41,Male,Asian,34,Female,White,VICTIM WAS STRANGER
Gender Identity,ANTI-TRANSGENDER,,BIAS INCIDENT,Bar/Nightclub,32521325669,Simple Assault,2021-11-01,37,Female,Latinx,,,,
Gender Identity,ANTI-TRANSGENDER,,BIAS INCIDENT,Bar/Nightclub,32521325669,Simple Assault,2021-11-01,41,Female,Latinx,,,,
Gender Identity,ANTI-TRANSGENDER,,BIAS INCIDENT,Grocery/Supermarket,29521295879,,2021-10-01,,,,,,,
None,NONE (NO BIAS),,BIAS UNFOUNDED,Air/Bus/Train Terminal,19020190985,Simple Assault,2020-06-01,51,Male,Asian,22,Male,Latinx,VICTIM WAS STRANGER
None,NONE (NO BIAS),,BIAS UNFOUNDED,Air/Bus/Train Terminal,78202178275,Simple Assault,2021-03-01,46,Female,White,22,Female,White,VICTIM WAS STRANGER
None,NONE (NO BIAS),,BIAS UNFOUNDED,Air/Bus/Train Terminal,78202178275,Simple Assault,2021-03-01,61,Male,Black,22,Female,White,VICTIM WAS STRANGER
None,NONE (NO BIAS),,BIAS UNFOUNDED,Air/Bus/Train Terminal,11721117080,Vandalism,2021-05-01,42,Female,White,22,Female,Asian,RELATIONSHIP UNKNOWN
None,NONE (NO BIAS),,BIAS UNFOUNDED,Bar/Nightclub,33421334018,,2021-11-01,,,,,,,
None,NONE (NO BIAS),,BIAS UNFOUNDED,Commercial/Office Building,91520915328,Vandalism,2020-08-01,,,,23,Female,White,
None,NONE (NO BIAS),,BIAS UNFOUNDED,Convenience Store,10820108373,Disorderly Conduct,2020-04-01,40,Female,White,45,Female,Asian,RELATIONSHIP UNKNOWN
None,NONE (NO BIAS),,BIAS UNFOUNDED,Convenience Store,12321123940,Simple Assault,2021-05-01,74,Female,White,50,Male,Asian,RELATIONSHIP UNKNOWN
None,NONE (NO BIAS),,BIAS UNFOUNDED,Grocery/Supermarket,23721237465,Simple Assault,2021-08-01,39,Female,White,44,Male,White,VICTIM WAS STRANGER
None,NONE (NO BIAS),,BIAS UNFOUNDED,Hotel/Motel/Etc.,80121801035,,2021-03-01,,,,,,,
None,NONE (NO BIAS),,BIAS UNFOUNDED,Hotel/Motel/Etc.,27420274125,All Other Offenses,2020-09-01,40,Male,Black,37,Female,White,
None,NONE (NO BIAS),,BIAS UNFOUNDED,Other/Unknown,90221902517,,2021-02-01,,,,,,,
None,NONE (NO BIAS),,BIAS UNFOUNDED,Other/Unknown,90821908057,Disorderly Conduct,2021-04-01,,,,,,,
None,NONE (NO BIAS),,BIAS UNFOUNDED,Park/Playground,19021190571,Simple Assault,2021-07-01,54,Male,Latinx,67,Male,Black,VICTIM WAS STRANGER
None,NONE (NO BIAS),,BIAS UNFOUNDED,Park/Playground,19021190571,Simple Assault,2021-07-01,58,Male,Black,67,Male,Black,VICTIM WAS STRANGER
None,NONE (NO BIAS),,BIAS UNFOUNDED,Park/Playground,19021190571,Simple Assault,2021-07-01,63,Male,White,67,Male,Black,VICTIM WAS STRANGER
None,NONE (NO BIAS),,BIAS UNFOUNDED,Park/Playground,25320253805,Vandalism,2020-08-01,,,,60,Female,White,
None,NONE (NO BIAS),,BIAS UNFOUNDED,Park/Playground,25620256983,Vandalism,2020-08-01,61,Male,Native American,41,Female,White,RELATIONSHIP UNKNOWN
None,NONE (NO BIAS),,BIAS UNFOUNDED,Parking/Drop Lot/Garage,19921199625,,2021-07-01,,,,,,,
None,NONE (NO BIAS),,BIAS UNFOUNDED,Parking/Drop Lot/Garage,32720327643,,2020-10-01,,,,,,,
None,NONE (NO BIAS),,BIAS UNFOUNDED,Parking/Drop Lot/Garage,24020240483,Simple Assault,2020-08-01,40,Female,White,17,Female,Black,VICTIM WAS STRANGER
None,NONE (NO BIAS),,BIAS UNFOUNDED,Parking/Drop Lot/Garage,11521115653,Vandalism,2021-04-01,36,Male,Black,19,Female,Latinx,VICTIM WAS STRANGER
None,NONE (NO BIAS),,BIAS UNFOUNDED,Residence/Home,23521235436,,2021-08-01,,,,,,,
None,NONE (NO BIAS),,BIAS UNFOUNDED,Residence/Home,29821298248,,2021-10-01,,,,,,,
None,NONE (NO BIAS),,BIAS UNFOUNDED,Residence/Home,30821308407,Aggravated Assault,2021-11-01,29,Female,White,32,Female,Black,VICTIM WAS NEIGHBOR
None,NONE (NO BIAS),,BIAS UNFOUNDED,Residence/Home,36021360410,All Other Larceny,2021-12-01,66,Male,Latinx,26,Female,Asian,RELATIONSHIP UNKNOWN
None,NONE (NO BIAS),,BIAS UNFOUNDED,Residence/Home,93102193162,All Other Offenses,2021-04-01,48,Male,White,30,Male,White,VICTIM WAS STRANGER
None,NONE (NO BIAS),,BIAS UNFOUNDED,Residence/Home,16220162709,Disorderly Conduct,2020-05-01,,,,,,,
None,NONE (NO BIAS),,BIAS UNFOUNDED,Residence/Home,25521255986,Intimidation,2021-09-01,62,Female,White,57,Female,White,VICTIM WAS NEIGHBOR
None,NONE (NO BIAS),,BIAS UNFOUNDED,Residence/Home,25521255986,Intimidation,2021-09-01,62,Female,White,59,Female,White,VICTIM WAS NEIGHBOR
None,NONE (NO BIAS),,BIAS UNFOUNDED,Residence/Home,74802174832,Intimidation,2021-03-01,,,,38,Female,Asian,RELATIONSHIP UNKNOWN
None,NONE (NO BIAS),,BIAS UNFOUNDED,Residence/Home,91821918276,Intimidation,2021-09-01,,,,28,Male,White,
None,NONE (NO BIAS),,BIAS UNFOUNDED,Residence/Home,25220252345,Pornography/Obscene Material,2020-08-01,19,Female,Black,17,Male,Black,
None,NONE (NO BIAS),,BIAS UNFOUNDED,Residence/Home,15920159675,Vandalism,2020-05-01,,,,23,Female,White,
None,NONE (NO BIAS),,BIAS UNFOUNDED,Residence/Home,15920159675,Vandalism,2020-05-01,,,,46,Female,White,
None,NONE (NO BIAS),,BIAS UNFOUNDED,Residence/Home,20820208436,Vandalism,2020-07-01,,,,37,Female,White,
None,NONE (NO BIAS),,BIAS UNFOUNDED,Residence/Home,24421244297,Vandalism,2021-09-01,74,Female,White,32,Male,Latinx,RELATIONSHIP UNKNOWN
None,NONE (NO BIAS),,BIAS UNFOUNDED,Residence/Home,34620346740,Vandalism,2020-11-01,,,,63,Male,Black,VICTIM WAS CHILD OF BOYFRIEND/GIRLFRIEND
None,NONE (NO BIAS),,BIAS UNFOUNDED,Residence/Home,91920919771,Vandalism,2020-10-01,,,,42,Female,Black,
None,NONE (NO BIAS),,BIAS UNFOUNDED,Restaurant,25821258893,,2021-09-01,,,,,,,
None,NONE (NO BIAS),,BIAS UNFOUNDED,Service/Gas Station,34821348641,Intimidation,2021-12-01,,,,34,Male,Latinx,
None,NONE (NO BIAS),,BIAS UNFOUNDED,Specialty Store,92020920821,Intimidation,2020-10-01,,,,30,Female,White,
None,NONE (NO BIAS),,BIAS UNFOUNDED,Street/Highway/Road/Alley/Sidewalk,14020140993,,2020-04-01,62,Female,White,36,Male,Latinx,RELATIONSHIP UNKNOWN
None,NONE (NO BIAS),,BIAS UNFOUNDED,Street/Highway/Road/Alley/Sidewalk,14020140993,,2020-04-01,64,Female,White,36,Male,Latinx,RELATIONSHIP UNKNOWN
None,NONE (NO BIAS),,BIAS UNFOUNDED,Street/Highway/Road/Alley/Sidewalk,14020140993,,2020-04-01,64,Male,White,36,Male,Latinx,RELATIONSHIP UNKNOWN
None,NONE (NO BIAS),,BIAS UNFOUNDED,Street/Highway/Road/Alley/Sidewalk,24221242601,,2021-08-01,,,,,,,
None,NONE (NO BIAS),,BIAS UNFOUNDED,Street/Highway/Road/Alley/Sidewalk,24421244424,,2021-09-01,,,,,,,
None,NONE (NO BIAS),,BIAS UNFOUNDED,Street/Highway/Road/Alley/Sidewalk,24521245614,,2021-09-01,,,,,,,
None,NONE (NO BIAS),,BIAS UNFOUNDED,Street/Highway/Road/Alley/Sidewalk,25321253573,,2021-09-01,64,Female,White,,,,
None,NONE (NO BIAS),,BIAS UNFOUNDED,Street/Highway/Road/Alley/Sidewalk,36221362740,,2021-12-01,,,,,,,
None,NONE (NO BIAS),,BIAS UNFOUNDED,Street/Highway/Road/Alley/Sidewalk,68121681390,,2021-09-01,,,,,,,
None,NONE (NO BIAS),,BIAS UNFOUNDED,Street/Highway/Road/Alley/Sidewalk,25320253318,Aggravated Assault,2020-08-01,61,Female,White,39,Male,White,RELATIONSHIP UNKNOWN
None,NONE (NO BIAS),,BIAS UNFOUNDED,Street/Highway/Road/Alley/Sidewalk,25321253225,Aggravated Assault,2021-09-01,,,,52,Male,Latinx,
None,NONE (NO BIAS),,BIAS UNFOUNDED,Street/Highway/Road/Alley/Sidewalk,31520315837,Aggravated Assault,2020-10-01,,,,15,Female,White,
None,NONE (NO BIAS),,BIAS UNFOUNDED,Street/Highway/Road/Alley/Sidewalk,33120331730,Aggravated Assault,2020-11-01,32,Male,White,39,Male,Latinx,RELATIONSHIP UNKNOWN
None,NONE (NO BIAS),,BIAS UNFOUNDED,Street/Highway/Road/Alley/Sidewalk,33120331730,Aggravated Assault,2020-11-01,32,Male,White,39,Male,Latinx,VICTIM WAS STRANGER
None,NONE (NO BIAS),,BIAS UNFOUNDED,Street/Highway/Road/Alley/Sidewalk,33120331730,Aggravated Assault,2020-11-01,32,Male,White,43,Male,Latinx,RELATIONSHIP UNKNOWN
None,NONE (NO BIAS),,BIAS UNFOUNDED,Street/Highway/Road/Alley/Sidewalk,33120331730,Aggravated Assault,2020-11-01,32,Male,White,43,Male,Latinx,VICTIM WAS STRANGER
None,NONE (NO BIAS),,BIAS UNFOUNDED,Street/Highway/Road/Alley/Sidewalk,33120331730,Aggravated Assault,2020-11-01,58,Male,White,39,Male,Latinx,RELATIONSHIP UNKNOWN
None,NONE (NO BIAS),,BIAS UNFOUNDED,Street/Highway/Road/Alley/Sidewalk,33120331730,Aggravated Assault,2020-11-01,58,Male,White,39,Male,Latinx,VICTIM WAS STRANGER
None,NONE (NO BIAS),,BIAS UNFOUNDED,Street/Highway/Road/Alley/Sidewalk,33120331730,Aggravated Assault,2020-11-01,58,Male,White,43,Male,Latinx,RELATIONSHIP UNKNOWN
None,NONE (NO BIAS),,BIAS UNFOUNDED,Street/Highway/Road/Alley/Sidewalk,33120331730,Aggravated Assault,2020-11-01,58,Male,White,43,Male,Latinx,VICTIM WAS STRANGER
None,NONE (NO BIAS),,BIAS UNFOUNDED,Street/Highway/Road/Alley/Sidewalk,48002148027,Aggravated Assault,2021-02-01,,,,47,Male,White,
None,NONE (NO BIAS),,BIAS UNFOUNDED,Street/Highway/Road/Alley/Sidewalk,62720216271,Aggravated Assault,2021-01-01,23,Male,White,23,Male,Black,VICTIM WAS STRANGER
None,NONE (NO BIAS),,BIAS UNFOUNDED,Street/Highway/Road/Alley/Sidewalk,80021800995,Arson,2021-03-01,,,,,,,
None,NONE (NO BIAS),,BIAS UNFOUNDED,Street/Highway/Road/Alley/Sidewalk,18120181328,Disorderly Conduct,2020-06-01,41,Male,Black,,,,
None,NONE (NO BIAS),,BIAS UNFOUNDED,Street/Highway/Road/Alley/Sidewalk,36402136459,Disorderly Conduct,2021-02-01,,,,,,,
None,NONE (NO BIAS),,BIAS UNFOUNDED,Street/Highway/Road/Alley/Sidewalk,27520275904,Robbery,2020-09-01,39,Male,White,27,Male,Latinx,VICTIM WAS STRANGER
None,NONE (NO BIAS),,BIAS UNFOUNDED,Street/Highway/Road/Alley/Sidewalk,23921239564,Simple Assault,2021-08-01,,,,48,Male,Black,
None,NONE (NO BIAS),,BIAS UNFOUNDED,Street/Highway/Road/Alley/Sidewalk,35621356934,Simple Assault,2021-12-01,,,,24,Female,Native American,
None,NONE (NO BIAS),,BIAS UNFOUNDED,Street/Highway/Road/Alley/Sidewalk,22720227021,Vandalism,2020-07-01,,,,60,Female,White,
None,NONE (NO BIAS),,BIAS UNFOUNDED,Street/Highway/Road/Alley/Sidewalk,22720227021,Vandalism,2020-07-01,,,,60,Male,Latinx,
None,NONE (NO BIAS),VICTIM,BIAS UNFOUNDED,Church/Synagogue/Temple/Mosque,30520305400,Vandalism,2020-10-01,,,,,,,
None,NONE (NO BIAS),VICTIM,BIAS UNFOUNDED,Church/Synagogue/Temple/Mosque,52302152320,Vandalism,2021-02-01,,,,,,,
None,NONE (NO BIAS),VICTIM,BIAS UNFOUNDED,Commercial/Office Building,92420924334,Vandalism,2020-11-01,,,,,,,
None,NONE (NO BIAS),VICTIM,BIAS UNFOUNDED,Grocery/Supermarket,90421904274,Vandalism,2021-03-01,,,,,,,
None,NONE (NO BIAS),VICTIM,BIAS UNFOUNDED,Other/Unknown,90421904272,Vandalism,2021-03-01,,,,,,,
None,NONE (NO BIAS),VICTIM,BIAS UNFOUNDED,Restaurant,23221232879,Aggravated Assault,2021-08-01,46,Female,Asian,23,Female,Latinx,RELATIONSHIP UNKNOWN
None,NONE (NO BIAS),VICTIM,BIAS UNFOUNDED,Restaurant,23221232879,Aggravated Assault,2021-08-01,46,Female,Asian,24,Male,Black,RELATIONSHIP UNKNOWN
None,NONE (NO BIAS),VICTIM,BIAS UNFOUNDED,Restaurant,23221232879,Aggravated Assault,2021-08-01,46,Female,Asian,36,Male,White,RELATIONSHIP UNKNOWN
None,NONE (NO BIAS),VICTIM,BIAS UNFOUNDED,School-Elementary/Secondary,20220202287,Vandalism,2020-06-01,81,Male,White,,,,
None,NONE (NO BIAS),VICTIM,BIAS UNFOUNDED,Specialty Store,17921179778,Disorderly Conduct,2021-07-01,30,Female,Black,,,,
None,NONE (NO BIAS),VICTIM,BIAS UNFOUNDED,Street/Highway/Road/Alley/Sidewalk,24221242750,Simple Assault,2021-08-01,34,Male,Latinx,54,Male,Unknown,VICTIM WAS STRANGER
None,UNKNOWN (OFFENDER'S MOTIVATION NOT KNOWN),,BIAS CRIME,Street/Highway/Road/Alley/Sidewalk,29220292890,Disorderly Conduct,2020-09-01,,,,,,,
None,UNKNOWN (OFFENDER'S MOTIVATION NOT KNOWN),,BIAS UNFOUNDED,Residence/Home,18320183060,Vandalism,2020-06-01,,,,83,Male,White,
None,UNKNOWN (OFFENDER'S MOTIVATION NOT KNOWN),,BIAS UNFOUNDED,Street/Highway/Road/Alley/Sidewalk,21620216764,Vandalism,2020-07-01,,,,,,,
None,UNKNOWN (OFFENDER'S MOTIVATION NOT KNOWN),VICTIM,BIAS UNFOUNDED,Commercial/Office Building,22520225942,Burglary,2020-07-01,,,,,,,
Race,ANTI-AMERICAN INDIAN/ALASKAN NATIVE,,BIAS CRIME,Street/Highway/ Road/Alley/ Sidewalk,33518335248,Simple Assault,2018-09-01,30,Male,White,30,Male,Unknown,VICTIM WAS STRANGER
Race,ANTI-AMERICAN INDIAN/ALASKAN NATIVE,,BIAS CRIME,Street/Highway/ Road/Alley/ Sidewalk,33518335248,Simple Assault,2018-09-01,30,Male,White,50,Female,White,VICTIM WAS STRANGER
Race,ANTI-ASIAN,,BIAS CRIME,Convenience Store,34420203449,Vandalism,2020-01-01,,,,50,Male,Asian,RELATIONSHIP UNKNOWN
Race,ANTI-ASIAN,,BIAS CRIME,Parking/Drop Lot/Garage,44619446156,Simple Assault,2019-12-01,22,Female,White,22,Male,Pacific Islander,VICTIM WAS STRANGER
Race,ANTI-ASIAN,,BIAS CRIME,Residence /Home,19419194640,Aggravated Assault,2019-06-01,30,Female,White,22,Male,Asian,VICTIM WAS NEIGHBOR
Race,ANTI-ASIAN,,BIAS CRIME,Residence /Home,19419194640,Aggravated Assault,2019-06-01,30,Female,White,30,Male,Asian,VICTIM WAS NEIGHBOR
Race,ANTI-ASIAN,,BIAS CRIME,Residence/Home,68121681386,Intimidation,2021-09-01,77,Male,White,68,Male,Asian,RELATIONSHIP UNKNOWN
Race,ANTI-ASIAN,,BIAS CRIME,Residence/Home,32821328196,Simple Assault,2021-11-01,33,Male,White,26,Male,Asian,VICTIM WAS ACQUAINTANCE
Race,ANTI-ASIAN,,BIAS CRIME,Residence/Home,60402160410,Vandalism,2021-03-01,43,Female,White,57,Male,Asian,VICTIM WAS NEIGHBOR
Race,ANTI-ASIAN,,BIAS CRIME,Street/Highway/ Road/Alley/ Sidewalk,16119161639,Simple Assault,2019-05-01,30,Male,White,18,Female,White,VICTIM WAS STRANGER
Race,ANTI-ASIAN,,BIAS INCIDENT,Amusement Park/Movie Theaters,32621326295,All Other Offenses,2021-11-01,21,Male,Black,52,Male,Pacific Islander,VICTIM WAS ACQUAINTANCE
Race,ANTI-ASIAN,,BIAS INCIDENT,Parking/Drop Lot/Garage,77402177454,Intimidation,2021-03-01,,,,38,Female,Asian,
Race,ANTI-ASIAN,,BIAS INCIDENT,Residence/Home,23421234438,,2021-08-01,,,,,,,
Race,ANTI-ASIAN,,BIAS INCIDENT,Residence/Home,81602181658,All Other Offenses,2021-03-01,,,,,,,
Race,ANTI-ASIAN,,BIAS INCIDENT,Restaurant,85802185813,,2021-03-01,,,,,,,
Race,ANTI-ASIAN,,BIAS INCIDENT,Street/Highway/Road/Alley/Sidewalk,36321363177,,2021-12-01,,,,,,,
Race,ANTI-BLACK or AFRICAN AMERICAN,,BIAS CRIME,Air/Bus/Train Terminal,17220172684,Aggravated Assault,2020-05-01,50,Male,White,66,Male,Black,VICTIM WAS STRANGER
Race,ANTI-BLACK or AFRICAN AMERICAN,,BIAS CRIME,Air/Bus/Train Terminal,35020350333,Simple Assault,2020-11-01,29,Female,White,47,Female,Black,RELATIONSHIP UNKNOWN
Race,ANTI-BLACK or AFRICAN AMERICAN,,BIAS CRIME,Convenience Store,29420294097,Simple Assault,2020-09-01,45,Male,White,46,Male,Black,RELATIONSHIP UNKNOWN
Race,ANTI-BLACK or AFRICAN AMERICAN,,BIAS CRIME,Other/Unknown,16221162403,Intimidation,2021-06-01,47,Male,White,25,Male,White,RELATIONSHIP UNKNOWN
Race,ANTI-BLACK or AFRICAN AMERICAN,,BIAS CRIME,Other/Unknown,16221162403,Intimidation,2021-06-01,47,Male,White,25,Male,White,VICTIM WAS ACQUAINTANCE
Race,ANTI-BLACK or AFRICAN AMERICAN,,BIAS CRIME,Other/Unknown,16221162403,Intimidation,2021-06-01,53,Male,Latinx,25,Male,White,RELATIONSHIP UNKNOWN
Race,ANTI-BLACK or AFRICAN AMERICAN,,BIAS CRIME,Other/Unknown,16221162403,Intimidation,2021-06-01,53,Male,Latinx,25,Male,White,VICTIM WAS ACQUAINTANCE
Race,ANTI-BLACK or AFRICAN AMERICAN,,BIAS CRIME,Other/Unknown,33920339421,Intimidation,2020-11-01,46,Male,White,32,Female,Black,RELATIONSHIP UNKNOWN
Race,ANTI-BLACK or AFRICAN AMERICAN,,BIAS CRIME,Other/Unknown,34420344675,Intimidation,2020-11-01,,,,62,Male,Black,
Race,ANTI-BLACK or AFRICAN AMERICAN,,BIAS CRIME,Park/Playground,28220282994,Aggravated Assault,2020-09-01,,,,66,Male,Black,
Race,ANTI-BLACK or AFRICAN AMERICAN,,BIAS CRIME,Parking/Drop Lot/Garage,10521105318,Aggravated Assault,2021-04-01,22,Male,White,39,Male,Black,RELATIONSHIP UNKNOWN
Race,ANTI-BLACK or AFRICAN AMERICAN,,BIAS CRIME,Parking/Drop Lot/Garage,27020270683,Vandalism,2020-09-01,,,,31,Male,White,
Race,ANTI-BLACK or AFRICAN AMERICAN,,BIAS CRIME,Residence/Home,21320213781,,2020-07-01,,,,40,Female,Black,
Race,ANTI-BLACK or AFRICAN AMERICAN,,BIAS CRIME,Residence/Home,36720367400,Disorderly Conduct,2020-12-01,47,Male,White,35,Male,Black,
Race,ANTI-BLACK or AFRICAN AMERICAN,,BIAS CRIME,Residence/Home,34520345501,Intimidation,2020-11-01,24,Male,White,32,Female,Black,VICTIM WAS STRANGER
Race,ANTI-BLACK or AFRICAN AMERICAN,,BIAS CRIME,Residence/Home,35820358621,Intimidation,2020-12-01,43,Male,White,41,Female,Black,RELATIONSHIP UNKNOWN
Race,ANTI-BLACK or AFRICAN AMERICAN,,BIAS CRIME,Residence/Home,38120381709,Intimidation,2020-12-01,48,Female,White,31,Male,Black,VICTIM WAS ACQUAINTANCE
Race,ANTI-BLACK or AFRICAN AMERICAN,,BIAS CRIME,Residence/Home,25321253230,Vandalism,2021-09-01,,,,52,Male,Black,
Race,ANTI-BLACK or AFRICAN AMERICAN,,BIAS CRIME,Residence/Home,25321253230,Vandalism,2021-09-01,,,,54,Female,Black,
Race,ANTI-BLACK or AFRICAN AMERICAN,,BIAS CRIME,Residence/Home,31921319019,Vandalism,2021-11-01,,,,32,Male,Black,
Race,ANTI-BLACK or AFRICAN AMERICAN,,BIAS CRIME,Restaurant,21221212634,Aggravated Assault,2021-08-01,35,Male,White,66,Male,Black,VICTIM WAS STRANGER
Race,ANTI-BLACK or AFRICAN AMERICAN,,BIAS CRIME,Restaurant,12421124238,Intimidation,2021-05-01,,,,17,Male,Black,
Race,ANTI-BLACK or AFRICAN AMERICAN,,BIAS CRIME,Restaurant,25420254849,Simple Assault,2020-08-01,36,Male,White,22,Male,Black,VICTIM WAS STRANGER
Race,ANTI-BLACK or AFRICAN AMERICAN,,BIAS CRIME,Restaurant,25420254849,Simple Assault,2020-08-01,36,Male,White,40,Male,White,RELATIONSHIP UNKNOWN
Race,ANTI-BLACK or AFRICAN AMERICAN,,BIAS CRIME,School-College/University,20220202663,Disorderly Conduct,2020-06-01,50,Female,White,,,,
Race,ANTI-BLACK or AFRICAN AMERICAN,,BIAS CRIME,School-Elementary/Secondary,93502193502,Simple Assault,2021-04-01,40,Female,Asian,16,Female,Black,VICTIM WAS STRANGER
Race,ANTI-BLACK or AFRICAN AMERICAN,,BIAS CRIME,Street/Highway/Road/Alley/Sidewalk,14721147776,Aggravated Assault,2021-06-01,40,Male,White,47,Male,Black,RELATIONSHIP UNKNOWN
Race,ANTI-BLACK or AFRICAN AMERICAN,,BIAS CRIME,Street/Highway/Road/Alley/Sidewalk,69402169443,Aggravated Assault,2021-03-01,65,Male,White,51,Male,Pacific Islander,VICTIM WAS ACQUAINTANCE
Race,ANTI-BLACK or AFRICAN AMERICAN,,BIAS CRIME,Street/Highway/Road/Alley/Sidewalk,16821168173,Intimidation,2021-06-01,32,Male,White,42,Male,Black,VICTIM WAS STRANGER
Race,ANTI-BLACK or AFRICAN AMERICAN,,BIAS CRIME,Street/Highway/Road/Alley/Sidewalk,34220342968,Intimidation,2020-11-01,74,Male,White,44,Male,Black,RELATIONSHIP UNKNOWN
Race,ANTI-BLACK or AFRICAN AMERICAN,,BIAS CRIME,Street/Highway/Road/Alley/Sidewalk,68402168497,Intimidation,2021-03-01,53,Male,White,30,Male,Black,VICTIM WAS STRANGER
Race,ANTI-BLACK or AFRICAN AMERICAN,,BIAS CRIME,Street/Highway/Road/Alley/Sidewalk,23720237215,Simple Assault,2020-07-01,28,Male,White,41,Male,Black,
Race,ANTI-BLACK or AFRICAN AMERICAN,,BIAS CRIME,Street/Highway/Road/Alley/Sidewalk,49102149173,Vandalism,2021-02-01,53,Male,White,67,Male,Black,VICTIM WAS ACQUAINTANCE
Race,ANTI-BLACK or AFRICAN AMERICAN,,BIAS INCIDENT,Air/Bus/Train Terminal,31321313080,Simple Assault,2021-11-01,43,Male,Latinx,26,Male,Black,VICTIM WAS STRANGER
Race,ANTI-BLACK or AFRICAN AMERICAN,,BIAS INCIDENT,Commercial/Office Building,20620206476,Disorderly Conduct,2020-06-01,,,,,,,
Race,ANTI-BLACK or AFRICAN AMERICAN,,BIAS INCIDENT,Convenience Store,23120231358,Simple Assault,2020-07-01,,,,29,Female,Black,
Race,ANTI-BLACK or AFRICAN AMERICAN,,BIAS INCIDENT,Department/Discount Store,32921329226,Simple Assault,2021-11-01,61,Male,White,30,Male,Black,VICTIM WAS STRANGER
Race,ANTI-BLACK or AFRICAN AMERICAN,,BIAS INCIDENT,Park/Playground,68702168722,,2021-03-01,,,,,,,
Race,ANTI-BLACK or AFRICAN AMERICAN,,BIAS INCIDENT,Parking/Drop Lot/Garage,29221292646,,2021-10-01,60,Male,White,32,Male,Black,VICTIM WAS NEIGHBOR
Race,ANTI-BLACK or AFRICAN AMERICAN,,BIAS INCIDENT,Parking/Drop Lot/Garage,29221292646,,2021-10-01,60,Male,White,48,Female,Black,VICTIM WAS NEIGHBOR
Race,ANTI-BLACK or AFRICAN AMERICAN,,BIAS INCIDENT,Parking/Drop Lot/Garage,32821328853,,2021-11-01,,,,,,,
Race,ANTI-BLACK or AFRICAN AMERICAN,,BIAS INCIDENT,Residence/Home,20521205115,,2021-07-01,39,Female,White,53,Male,Black,RELATIONSHIP UNKNOWN
Race,ANTI-BLACK or AFRICAN AMERICAN,,BIAS INCIDENT,Residence/Home,24821248619,,2021-09-01,,,,,,,
Race,ANTI-BLACK or AFRICAN AMERICAN,,BIAS INCIDENT,Residence/Home,29921299071,,2021-10-01,,,,,,,
Race,ANTI-BLACK or AFRICAN AMERICAN,,BIAS INCIDENT,Residence/Home,26120261219,Intimidation,2020-08-01,,,,32,Female,Black,
Race,ANTI-BLACK or AFRICAN AMERICAN,,BIAS INCIDENT,Residence/Home,26120261219,Intimidation,2020-08-01,,,,58,Female,Black,
Race,ANTI-BLACK or AFRICAN AMERICAN,,BIAS INCIDENT,Restaurant,10821108200,Intimidation,2021-04-01,,,,35,Male,Black,
Race,ANTI-BLACK or AFRICAN AMERICAN,,BIAS INCIDENT,Street/Highway/Road/Alley/Sidewalk,11721117689,,2021-05-01,,,,,,,
Race,ANTI-BLACK or AFRICAN AMERICAN,,BIAS INCIDENT,Street/Highway/Road/Alley/Sidewalk,14621146919,,2021-05-01,,,,,,,
Race,ANTI-BLACK or AFRICAN AMERICAN,,BIAS INCIDENT,Street/Highway/Road/Alley/Sidewalk,23721237370,,2021-08-01,,,,,,,
Race,ANTI-BLACK or AFRICAN AMERICAN,,BIAS INCIDENT,Street/Highway/Road/Alley/Sidewalk,23921239406,,2021-10-01,,,,39,Male,Unknown,
Race,ANTI-BLACK or AFRICAN AMERICAN,,BIAS INCIDENT,Street/Highway/Road/Alley/Sidewalk,31221312762,,2021-11-01,,,,,,,
Race,ANTI-BLACK or AFRICAN AMERICAN,,BIAS INCIDENT,Street/Highway/Road/Alley/Sidewalk,27821278618,Intimidation,2021-10-01,49,Male,White,25,Female,Black,VICTIM WAS STRANGER
Race,ANTI-BLACK or AFRICAN AMERICAN,,BIAS INCIDENT,Street/Highway/Road/Alley/Sidewalk,29620296914,Simple Assault,2020-09-01,,,,40,Male,Latinx,RELATIONSHIP UNKNOWN
Race,ANTI-BLACK or AFRICAN AMERICAN,,BIAS INCIDENT,Street/Highway/Road/Alley/Sidewalk,30621306841,Simple Assault,2021-11-01,49,Male,White,56,Male,Black,VICTIM WAS STRANGER
Race,ANTI-BLACK or AFRICAN AMERICAN,,BIAS INCIDENT,Street/Highway/Road/Alley/Sidewalk,11821118751,Warrant/Detainer,2021-05-01,36,Male,White,,,,
Race,ANTI-BLACK or AFRICAN AMERICAN,,BIAS UNFOUNDED,Construction Site,92520925085,,2020-12-01,,,,,,,
Race,ANTI-BLACK or AFRICAN AMERICAN,,BIAS UNFOUNDED,Parking/Drop Lot/Garage,68120681903,Disorderly Conduct,2020-06-01,53,Female,White,32,Female,White,VICTIM WAS STRANGER
Race,ANTI-BLACK or AFRICAN AMERICAN,,BIAS UNFOUNDED,Residence/Home,20220202630,Intimidation,2020-06-01,75,Female,White,50,Female,Black,RELATIONSHIP UNKNOWN
Race,ANTI-BLACK or AFRICAN AMERICAN,,BIAS UNFOUNDED,Street/Highway/Road/Alley/Sidewalk,20620206422,Disorderly Conduct,2020-06-01,,,,,,,
Race,ANTI-BLACK or AFRICAN AMERICAN,,BIAS UNFOUNDED,Street/Highway/Road/Alley/Sidewalk,20320203077,Robbery,2020-06-01,,,,25,Male,Black,
Race,ANTI-BLACK or AFRICAN AMERICAN,,BIAS UNFOUNDED,Street/Highway/Road/Alley/Sidewalk,19520195641,Simple Assault,2020-06-01,39,Male,White,46,Male,White,VICTIM WAS STRANGER
Race,ANTI-BLACK or AFRICAN AMERICAN,,BIAS UNFOUNDED,Street/Highway/Road/Alley/Sidewalk,19520195641,Simple Assault,2020-06-01,39,Male,White,63,Male,White,VICTIM WAS STRANGER
Race,ANTI-BLACK or AFRICAN AMERICAN,VICTIM,BIAS CRIME,Other/Unknown,24202124283,Simple Assault,2021-01-01,37,Male,White,42,Female,Black,VICTIM WAS STRANGER
Race,ANTI-BLACK or AFRICAN AMERICAN,VICTIM,BIAS CRIME,Restaurant,25420254849,Simple Assault,2020-08-01,36,Male,White,22,Male,Black,VICTIM WAS STRANGER
Race,ANTI-BLACK or AFRICAN AMERICAN,VICTIM,BIAS CRIME,Restaurant,25420254849,Simple Assault,2020-08-01,36,Male,White,40,Male,White,RELATIONSHIP UNKNOWN
Race,ANTI-BLACK or AFRICAN AMERICAN,VICTIM,BIAS CRIME,School-Elementary/Secondary,44402144467,Intimidation,2021-02-01,20,Male,White,70,Male,White,RELATIONSHIP UNKNOWN
Race,ANTI-BLACK or AFRICAN AMERICAN,VICTIM,BIAS CRIME,School-Elementary/Secondary,44402144467,Intimidation,2021-02-01,40,Male,White,70,Male,White,RELATIONSHIP UNKNOWN
Race,ANTI-BLACK OR AFRICAN AMERICAN,,BIAS CRIME,Air/Bus/Train Terminal,19417194365,Aggravated Assault,2017-06-01,30,Male,Latinx,30,Male,Black,VICTIM WAS STRANGER
Race,ANTI-BLACK OR AFRICAN AMERICAN,,BIAS CRIME,Air/Bus/Train Terminal,14018140909,Simple Assault,2018-04-01,50,Female,White,30,Male,Black,VICTIM WAS STRANGER
Race,ANTI-BLACK OR AFRICAN AMERICAN,,BIAS CRIME,Commercial/Office Building,35719357744,Simple Assault,2019-10-01,50,Male,White,22,Female,Black,VICTIM WAS STRANGER
Race,ANTI-BLACK OR AFRICAN AMERICAN,,BIAS CRIME,Convenience Store,91101991123,Intimidation,2019-03-01,30,Male,White,30,Male,Pacific Islander,VICTIM WAS ACQUAINTANCE
Race,ANTI-BLACK OR AFRICAN AMERICAN,,BIAS CRIME,Park/Playground,26118261762,Disorderly Conduct,2018-08-01,,Male,White,30,Male,Black,VICTIM WAS STRANGER
Race,ANTI-BLACK OR AFRICAN AMERICAN,,BIAS CRIME,Parking/Drop Lot/Garage,31517315963,Intimidation,2017-09-01,30,Male,White,50,Male,Black,VICTIM WAS STRANGER
Race,ANTI-BLACK OR AFRICAN AMERICAN,,BIAS CRIME,Residence /Home,30316303540,Aggravated Assault,2016-09-01,50,Female,White,30,Female,Black,VICTIM WAS NEIGHBOR
Race,ANTI-BLACK OR AFRICAN AMERICAN,,BIAS CRIME,Residence /Home,30316303540,Aggravated Assault,2016-09-01,50,Female,White,65,Female,Black,VICTIM WAS NEIGHBOR
Race,ANTI-BLACK OR AFRICAN AMERICAN,,BIAS CRIME,Residence /Home,44019440100,Aggravated Assault,2019-12-01,30,Male,White,30,Male,Black,VICTIM WAS OTHERWISE KNOWN
Race,ANTI-BLACK OR AFRICAN AMERICAN,,BIAS CRIME,Residence /Home,44019440100,Aggravated Assault,2019-12-01,30,Male,White,30,Male,White,VICTIM WAS OTHERWISE KNOWN
Race,ANTI-BLACK OR AFRICAN AMERICAN,,BIAS CRIME,Residence /Home,43018430327,Simple Assault,2018-12-01,20,Female,White,22,Female,Black,VICTIM WAS STRANGER
Race,ANTI-BLACK OR AFRICAN AMERICAN,,BIAS CRIME,Residence /Home,70701970771,Simple Assault,2019-03-01,50,Female,White,30,Female,Black,VICTIM WAS STRANGER
Race,ANTI-BLACK OR AFRICAN AMERICAN,,BIAS CRIME,Residence /Home,70701970771,Simple Assault,2019-03-01,50,Female,White,30,Male,Black,VICTIM WAS STRANGER
Race,ANTI-BLACK OR AFRICAN AMERICAN,,BIAS CRIME,Residence /Home,22716227314,Vandalism,2016-07-01,,,,30,Male,Black,RELATIONSHIP UNKNOWN
Race,ANTI-BLACK OR AFRICAN AMERICAN,,BIAS CRIME,Service/Gas Station,13418134119,Aggravated Assault,2018-04-01,30,Male,White,65,Female,Black,VICTIM WAS STRANGER
Race,ANTI-BLACK OR AFRICAN AMERICAN,,BIAS CRIME,Street/Highway/ Road/Alley/ Sidewalk,29118291828,Aggravated Assault,2018-08-01,30,Male,Latinx,50,Female,Black,RELATIONSHIP UNKNOWN
Race,ANTI-BLACK OR AFRICAN AMERICAN,,BIAS CRIME,Street/Highway/ Road/Alley/ Sidewalk,41619416436,Aggravated Assault,2019-12-01,32,Female,Latinx,22,Female,Black,VICTIM WAS STRANGER
Race,ANTI-BLACK OR AFRICAN AMERICAN,,BIAS CRIME,Street/Highway/ Road/Alley/ Sidewalk,41801941883,Aggravated Assault,2019-02-01,22,Male,Latinx,30,Female,Black,VICTIM WAS STRANGER
Race,ANTI-BLACK OR AFRICAN AMERICAN,,BIAS CRIME,Street/Highway/ Road/Alley/ Sidewalk,28819288775,Disorderly Conduct,2019-08-01,,,,30,Female,Black,RELATIONSHIP UNKNOWN
Race,ANTI-BLACK OR AFRICAN AMERICAN,,BIAS CRIME,Street/Highway/ Road/Alley/ Sidewalk,56702056748,Disorderly Conduct,2020-02-01,50,Male,White,15,Female,Black,VICTIM WAS STRANGER
Race,ANTI-BLACK OR AFRICAN AMERICAN,,BIAS CRIME,Street/Highway/ Road/Alley/ Sidewalk,56702056748,Disorderly Conduct,2020-02-01,50,Male,White,30,Female,White,VICTIM WAS STRANGER
Race,ANTI-BLACK OR AFRICAN AMERICAN,,BIAS CRIME,Street/Highway/ Road/Alley/ Sidewalk,76301776331,Intimidation,2017-03-01,30,Male,White,30,Female,Black,RELATIONSHIP UNKNOWN
Race,ANTI-BLACK OR AFRICAN AMERICAN,,BIAS CRIME,Street/Highway/ Road/Alley/ Sidewalk,72201672274,Robbery,2016-03-01,22,Male,White,30,Female,White,RELATIONSHIP UNKNOWN
Race,ANTI-BLACK OR AFRICAN AMERICAN,,BIAS CRIME,Street/Highway/ Road/Alley/ Sidewalk,72201672274,Robbery,2016-03-01,22,Male,White,30,Male,Black,RELATIONSHIP UNKNOWN
Race,ANTI-BLACK OR AFRICAN AMERICAN,,BIAS CRIME,Street/Highway/ Road/Alley/ Sidewalk,17319173708,Simple Assault,2019-05-01,30,Female,White,22,Male,Black,VICTIM WAS ACQUAINTANCE
Race,ANTI-BLACK OR AFRICAN AMERICAN,,BIAS CRIME,Street/Highway/ Road/Alley/ Sidewalk,28619286683,Simple Assault,2019-08-01,30,Male,White,22,Male,Black,VICTIM WAS STRANGER
Race,ANTI-BLACK OR AFRICAN AMERICAN,,BIAS CRIME,Street/Highway/ Road/Alley/ Sidewalk,28919289228,Simple Assault,2019-08-01,22,Female,White,22,Female,Black,VICTIM WAS STRANGER
Race,ANTI-BLACK OR AFRICAN AMERICAN,,BIAS CRIME,Street/Highway/ Road/Alley/ Sidewalk,30119301186,Simple Assault,2019-09-01,50,Male,White,22,Male,White,VICTIM WAS STRANGER
Race,ANTI-BLACK OR AFRICAN AMERICAN,,BIAS CRIME,Street/Highway/ Road/Alley/ Sidewalk,70301970369,Simple Assault,2019-03-01,30,Male,White,65,Female,Black,VICTIM WAS STRANGER
Race,ANTI-BLACK OR AFRICAN AMERICAN,,BIAS CRIME,Street/Highway/ Road/Alley/ Sidewalk,98420209841,Simple Assault,2020-01-01,22,Female,Black,50,Female,Black,VICTIM WAS STRANGER
Race,ANTI-BLACK OR AFRICAN AMERICAN,,BIAS CRIME,Street/Highway/ Road/Alley/ Sidewalk,12318123675,Vandalism,2018-04-01,,Male,White,30,Male,Black,VICTIM WAS STRANGER
Race,ANTI-BLACK OR AFRICAN AMERICAN,,BIAS CRIME,Street/Highway/ Road/Alley/ Sidewalk,31218312187,Vandalism,2018-09-01,,,,65,Female,Black,RELATIONSHIP UNKNOWN
Race,ANTI-BLACK OR AFRICAN AMERICAN,VICTIM,BIAS CRIME,Church/Synagogue/ Temple/Mosque,12117121818,Vandalism,2017-04-01,,,,,,,
Race,ANTI-BLACK OR AFRICAN AMERICAN,VICTIM,BIAS CRIME,Church/Synagogue/ Temple/Mosque,40916409311,Vandalism,2016-12-01,,,,,,,
Race,ANTI-BLACK OR AFRICAN AMERICAN,VICTIM,BIAS CRIME,Restaurant,36119361011,Vandalism,2019-10-01,,,,,,,RELATIONSHIP UNKNOWN
Race,"ANTI-MULTIPLE RACES, GROUP",,BIAS CRIME,Air/Bus/Train Terminal,68017680671,Intimidation,2017-05-01,30,Male,White,18,Female,Black,RELATIONSHIP UNKNOWN
Race,"ANTI-MULTIPLE RACES, GROUP",,BIAS CRIME,Air/Bus/Train Terminal,68017680672,Intimidation,2017-05-01,,,,16,Female,Black,RELATIONSHIP UNKNOWN
Race,"ANTI-MULTIPLE RACES, GROUP",,BIAS CRIME,Cyberspace,80121801743,Disorderly Conduct,2021-06-01,,,,,,,
Race,"ANTI-MULTIPLE RACES, GROUP",VICTIM,BIAS CRIME,Residence/Home,17820178216,Vandalism,2020-05-01,,,,,,,
Race,ANTI-OTHER RACE/ETHNICITY/ANCESTRY,,BIAS CRIME,Air/Bus/Train Terminal,10116101804,Simple Assault,2016-04-01,50,Female,White,18,Male,White,VICTIM WAS STRANGER
Race,ANTI-OTHER RACE/ETHNICITY/ANCESTRY,,BIAS CRIME,Convenience Store,84501884593,Aggravated Assault,2018-03-01,50,Male,White,30,Female,White,VICTIM WAS OTHERWISE KNOWN
Race,ANTI-OTHER RACE/ETHNICITY/ANCESTRY,,BIAS CRIME,Convenience Store,43315433462,Intimidation,2015-12-01,,Male,,30,Male,Asian,VICTIM WAS STRANGER
Race,ANTI-OTHER RACE/ETHNICITY/ANCESTRY,,BIAS CRIME,Street/Highway/ Road/Alley/ Sidewalk,29219292106,Aggravated Assault,2019-08-01,30,Male,Black,22,Male,White,VICTIM WAS STRANGER
Race,ANTI-OTHER RACE/ETHNICITY/ANCESTRY,,BIAS CRIME,Street/Highway/ Road/Alley/ Sidewalk,38717387499,Intimidation,2017-11-01,22,Male,,50,Female,White,VICTIM WAS STRANGER
Race,ANTI-WHITE,,BIAS CRIME,Air/Bus/Train Terminal,10620106672,Aggravated Assault,2020-04-01,44,Male,White,44,Male,White,VICTIM WAS STRANGER
Race,ANTI-WHITE,,BIAS CRIME,Air/Bus/Train Terminal,10620106672,Aggravated Assault,2020-04-01,58,Male,White,44,Male,White,VICTIM WAS STRANGER
Race,ANTI-WHITE,,BIAS CRIME,Air/Bus/Train Terminal,21402021405,Simple Assault,2020-01-01,30,Female,Black,30,Female,White,VICTIM WAS STRANGER
Race,ANTI-WHITE,,BIAS CRIME,Air/Bus/Train Terminal,28220282350,Simple Assault,2020-09-01,,,,39,Female,White,
Race,ANTI-WHITE,,BIAS CRIME,Bank/Savings and Loan,21520215360,Simple Assault,2020-07-01,59,Male,White,32,Male,White,VICTIM WAS STRANGER
Race,ANTI-WHITE,,BIAS CRIME,Park/Playground,23820238430,Aggravated Assault,2020-07-01,,,,30,Male,White,
Race,ANTI-WHITE,,BIAS CRIME,Park/Playground,23820238430,Aggravated Assault,2020-07-01,,,,50,Female,White,
Race,ANTI-WHITE,,BIAS CRIME,Park/Playground,27520275654,Intimidation,2020-09-01,44,Female,White,46,Male,White,RELATIONSHIP UNKNOWN
Race,ANTI-WHITE,,BIAS CRIME,Parking/Drop Lot/Garage,10621106996,Intimidation,2021-04-01,59,Female,White,30,Female,White,VICTIM WAS NEIGHBOR
Race,ANTI-WHITE,,BIAS CRIME,Parking/Drop Lot/Garage,12416124702,Simple Assault,2016-04-01,18,Female,Black,22,Female,White,VICTIM WAS STRANGER
Race,ANTI-WHITE,,BIAS CRIME,Residence /Home,25518255019,Robbery,2018-07-01,,Female,Black,16,Female,Latinx,VICTIM WAS STRANGER
Race,ANTI-WHITE,,BIAS CRIME,Residence /Home,25518255019,Robbery,2018-07-01,,Female,Black,16,Female,White,VICTIM WAS STRANGER
Race,ANTI-WHITE,,BIAS CRIME,Residence /Home,25518255019,Robbery,2018-07-01,,Female,Black,16,Male,Black,VICTIM WAS STRANGER
Race,ANTI-WHITE,,BIAS CRIME,Residence /Home,25518255019,Robbery,2018-07-01,,Female,Black,18,Female,White,VICTIM WAS STRANGER
Race,ANTI-WHITE,,BIAS CRIME,Residence /Home,25518255019,Robbery,2018-07-01,,Female,Black,18,Male,Black,VICTIM WAS STRANGER
Race,ANTI-WHITE,,BIAS CRIME,Residence /Home,25518255019,Robbery,2018-07-01,,Female,Black,18,Male,White,VICTIM WAS STRANGER
Race,ANTI-WHITE,,BIAS CRIME,Residence /Home,25518255019,Robbery,2018-07-01,,Male,Black,16,Female,Latinx,VICTIM WAS STRANGER
Race,ANTI-WHITE,,BIAS CRIME,Residence /Home,25518255019,Robbery,2018-07-01,,Male,Black,16,Female,White,VICTIM WAS STRANGER
Race,ANTI-WHITE,,BIAS CRIME,Residence /Home,25518255019,Robbery,2018-07-01,,Male,Black,16,Male,Black,VICTIM WAS STRANGER
Race,ANTI-WHITE,,BIAS CRIME,Residence /Home,25518255019,Robbery,2018-07-01,,Male,Black,18,Female,White,VICTIM WAS STRANGER
Race,ANTI-WHITE,,BIAS CRIME,Residence /Home,25518255019,Robbery,2018-07-01,,Male,Black,18,Male,Black,VICTIM WAS STRANGER
Race,ANTI-WHITE,,BIAS CRIME,Residence /Home,25518255019,Robbery,2018-07-01,,Male,Black,18,Male,White,VICTIM WAS STRANGER
Race,ANTI-WHITE,,BIAS CRIME,Residence/Home,15320153806,Simple Assault,2020-05-01,29,Male,Native American,15,Female,White,VICTIM WAS STRANGER
Race,ANTI-WHITE,,BIAS CRIME,Residence/Home,21720217170,Vandalism,2020-07-01,39,Male,White,50,Female,White,VICTIM WAS ACQUAINTANCE
Race,ANTI-WHITE,,BIAS CRIME,Restaurant,40415404351,Robbery,2015-11-01,65,Male,Black,30,Male,White,RELATIONSHIP UNKNOWN
Race,ANTI-WHITE,,BIAS CRIME,Street/Highway/ Road/Alley/ Sidewalk,21819218754,Aggravated Assault,2019-06-01,22,Female,Black,22,Male,White,VICTIM WAS STRANGER
Race,ANTI-WHITE,,BIAS CRIME,Street/Highway/ Road/Alley/ Sidewalk,21819218754,Aggravated Assault,2019-06-01,22,Female,Black,65,Female,White,VICTIM WAS STRANGER
Race,ANTI-WHITE,,BIAS CRIME,Street/Highway/ Road/Alley/ Sidewalk,26319263480,Aggravated Assault,2019-08-01,,Female,,30,Female,White,VICTIM WAS STRANGER
Race,ANTI-WHITE,,BIAS CRIME,Street/Highway/ Road/Alley/ Sidewalk,26319263480,Aggravated Assault,2019-08-01,,Female,,30,Male,White,VICTIM WAS STRANGER
Race,ANTI-WHITE,,BIAS CRIME,Street/Highway/ Road/Alley/ Sidewalk,26319263480,Aggravated Assault,2019-08-01,22,Female,Black,30,Female,White,VICTIM WAS STRANGER
Race,ANTI-WHITE,,BIAS CRIME,Street/Highway/ Road/Alley/ Sidewalk,26319263480,Aggravated Assault,2019-08-01,22,Female,Black,30,Male,White,VICTIM WAS STRANGER
Race,ANTI-WHITE,,BIAS CRIME,Street/Highway/ Road/Alley/ Sidewalk,40702040760,Simple Assault,2020-02-01,30,Male,Black,50,Male,White,VICTIM WAS STRANGER
Race,ANTI-WHITE,,BIAS CRIME,Street/Highway/ Road/Alley/ Sidewalk,42618426951,Simple Assault,2018-12-01,15,Male,Black,65,Male,White,VICTIM WAS STRANGER
Race,ANTI-WHITE,,BIAS CRIME,Street/Highway/Road/Alley/Sidewalk,25820258453,Aggravated Assault,2020-08-01,38,Female,Black,52,Female,White,VICTIM WAS ACQUAINTANCE
Race,ANTI-WHITE,,BIAS CRIME,Street/Highway/Road/Alley/Sidewalk,75102175126,Intimidation,2021-03-01,46,Female,White,40,Male,White,VICTIM WAS STRANGER
Race,ANTI-WHITE,,BIAS CRIME,Street/Highway/Road/Alley/Sidewalk,18220182151,Robbery,2020-06-01,64,Male,White,45,Female,White,VICTIM WAS STRANGER
Race,ANTI-WHITE,,BIAS CRIME,Street/Highway/Road/Alley/Sidewalk,23320233457,Robbery,2020-07-01,38,Male,White,39,Male,White,VICTIM WAS FRIEND
Race,ANTI-WHITE,,BIAS CRIME,Street/Highway/Road/Alley/Sidewalk,23320233457,Robbery,2020-07-01,38,Male,White,48,Male,White,VICTIM WAS STRANGER
Race,ANTI-WHITE,,BIAS CRIME,Street/Highway/Road/Alley/Sidewalk,15521155150,Simple Assault,2021-06-01,29,Male,Black,49,Male,White,VICTIM WAS STRANGER
Race,ANTI-WHITE,,BIAS CRIME,Street/Highway/Road/Alley/Sidewalk,18620186618,Simple Assault,2020-06-01,54,Male,Latinx,55,Male,White,VICTIM WAS STRANGER
Race,ANTI-WHITE,,BIAS CRIME,Street/Highway/Road/Alley/Sidewalk,28020280729,Simple Assault,2020-09-01,39,Female,Black,21,Male,Native American,VICTIM WAS STRANGER
Race,ANTI-WHITE,,BIAS CRIME,Street/Highway/Road/Alley/Sidewalk,68120681154,Simple Assault,2020-08-01,46,Male,White,34,Female,White,RELATIONSHIP UNKNOWN
Religion,ANTI-CATHOLIC,VICTIM,BIAS CRIME,Church/Synagogue/ Temple/Mosque,24119241303,Vandalism,2019-07-01,,,,,,,RELATIONSHIP UNKNOWN
Religion,ANTI-CATHOLIC,VICTIM,BIAS CRIME,Church/Synagogue/ Temple/Mosque,34101734123,Vandalism,2017-02-01,,,,,,,
Religion,ANTI-ISLAM (MUSLIM),,BIAS CRIME,Residence /Home,34301934391,Hit & Run-Property,2019-01-01,30,Male,White,30,Female,White,VICTIM WAS NEIGHBOR
Religion,ANTI-ISLAM (MUSLIM),,BIAS CRIME,Street/Highway/ Road/Alley/ Sidewalk,31919319198,Aggravated Assault,2019-09-01,,Male,,22,Male,Asian,VICTIM WAS STRANGER
Religion,ANTI-ISLAM (MUSLIM),,BIAS CRIME,Street/Highway/ Road/Alley/ Sidewalk,16717167559,Intimidation,2017-05-01,30,Male,White,22,Female,Unknown,VICTIM WAS STRANGER
Religion,ANTI-ISLAM (MUSLIM),,BIAS CRIME,Street/Highway/ Road/Alley/ Sidewalk,16717167559,Intimidation,2017-05-01,30,Male,White,22,Male,Black,VICTIM WAS STRANGER
Religion,ANTI-ISLAM (MUSLIM),,BIAS CRIME,Street/Highway/ Road/Alley/ Sidewalk,38801738874,Intimidation,2017-02-01,30,Male,White,18,Female,Black,VICTIM WAS STRANGER
Religion,ANTI-ISLAM (MUSLIM),,BIAS CRIME,Street/Highway/ Road/Alley/ Sidewalk,22401622494,Vandalism,2016-01-01,,,,30,Male,White,RELATIONSHIP UNKNOWN
Religion,ANTI-ISLAM (MUSLIM),VICTIM,BIAS CRIME,Cyberspace,39519395230,Intimidation,2019-11-01,,,,,,,RELATIONSHIP UNKNOWN
Religion,ANTI-JEWISH,,BIAS CRIME,Residence/Home,33620336673,Simple Assault,2020-11-01,,,,43,Male,White,
Religion,ANTI-JEWISH,,BIAS CRIME,Street/Highway/ Road/Alley/ Sidewalk,20116201864,Simple Assault,2016-06-01,50,Male,White,22,Male,White,VICTIM WAS STRANGER
Religion,ANTI-JEWISH,,BIAS CRIME,Street/Highway/Road/Alley/Sidewalk,19121191959,Vandalism,2021-07-01,,,,28,Female,White,
Religion,ANTI-JEWISH,,BIAS INCIDENT,Church/Synagogue/Temple/Mosque,25420254342,,2020-08-01,,,,,,,
Religion,ANTI-JEWISH,,BIAS INCIDENT,Jail/Prison/Penitentiary/Corrections Facility,92520925784,,2020-12-01,,,,,,,
Religion,ANTI-JEWISH,,BIAS INCIDENT,Jail/Prison/Penitentiary/Corrections Facility,92620926328,,2020-12-01,,,,38,Female,Black,
Religion,ANTI-JEWISH,,BIAS INCIDENT,Jail/Prison/Penitentiary/Corrections Facility,92620926330,,2020-12-01,,,,,,,
Religion,ANTI-JEWISH,,BIAS INCIDENT,Street/Highway/Road/Alley/Sidewalk,68121681371,,2021-09-01,,,,,,,
Religion,ANTI-JEWISH,VICTIM,BIAS CRIME,Church/Synagogue/ Temple/Mosque,23118231640,Vandalism,2018-07-01,,,,,,,RELATIONSHIP UNKNOWN
Religion,ANTI-JEWISH,VICTIM,BIAS CRIME,Church/Synagogue/ Temple/Mosque,25416254749,Vandalism,2016-08-01,,,,,,,
Religion,ANTI-JEWISH,VICTIM,BIAS CRIME,Church/Synagogue/ Temple/Mosque,35615356924,Vandalism,2015-10-01,,,,,,,
Religion,ANTI-JEWISH,VICTIM,BIAS CRIME,Church/Synagogue/ Temple/Mosque,90618906489,Vandalism,2018-04-01,,,,,,,RELATIONSHIP UNKNOWN
Religion,ANTI-JEWISH,VICTIM,BIAS CRIME,Church/Synagogue/Temple/Mosque,80021800437,Vandalism,2021-02-01,,,,,,,
Religion,ANTI-JEWISH,VICTIM,BIAS CRIME,Construction Site,28420284836,Vandalism,2020-09-01,,,,,,,
Religion,ANTI-JEWISH,VICTIM,BIAS CRIME,Cyberspace,39519395230,Intimidation,2019-11-01,,,,,,,RELATIONSHIP UNKNOWN
Religion,ANTI-JEWISH,VICTIM,BIAS CRIME,Park/Playground,11721117659,Vandalism,2021-05-01,43,Female,Latinx,,,,
Religion,ANTI-JEWISH,VICTIM,BIAS CRIME,Restaurant,86601986690,Vandalism,2019-03-01,,,,,,,
Religion,ANTI-JEWISH,VICTIM,BIAS CRIME,Restaurant,88801988853,Vandalism,2019-03-01,,,,,,,
Religion,ANTI-JEWISH,VICTIM,BIAS INCIDENT,Air/Bus/Train Terminal,80321803088,Vandalism,2021-10-01,,,,,,,
Religion,ANTI-JEWISH,VICTIM,BIAS INCIDENT,Restaurant,86320218638,Vandalism,2021-01-01,,,,,,,
Religion,ANTI-OTHER CHRISTIAN,,BIAS CRIME,Street/Highway/Road/Alley/Sidewalk,80221802526,Aggravated Assault,2021-09-01,49,Male,Latinx,25,Male,Unknown,VICTIM WAS OTHERWISE KNOWN
Religion,ANTI-OTHER CHRISTIAN,,BIAS INCIDENT,Residence/Home,35221352778,Intimidation,2021-12-01,,,,52,Male,Black,
Religion,ANTI-OTHER RELIGION,,BIAS CRIME,Church/Synagogue/ Temple/Mosque,80017800001,Intimidation,2017-01-01,,Male,,30,Male,White,RELATIONSHIP UNKNOWN
Religion,ANTI-OTHER RELIGION,,BIAS INCIDENT,Street/Highway/Road/Alley/Sidewalk,33520335810,Intimidation,2020-11-01,,,,33,Male,White,
Sexual Orientation,ANTI-GAY (MALE),,BIAS CRIME,Air/Bus/Train Terminal,13415134821,Simple Assault,2015-04-01,18,Male,Black,16,Male,Black,VICTIM WAS ACQUAINTANCE
Sexual Orientation,ANTI-GAY (MALE),,BIAS CRIME,Air/Bus/Train Terminal,21720217978,Simple Assault,2020-07-01,28,Female,White,21,Male,White,RELATIONSHIP UNKNOWN
Sexual Orientation,ANTI-GAY (MALE),,BIAS CRIME,Air/Bus/Train Terminal,44018440646,Simple Assault,2018-12-01,,Male,Black,22,Male,White,VICTIM WAS STRANGER
Sexual Orientation,ANTI-GAY (MALE),,BIAS CRIME,Bar/ Nightclub,41615416336,Simple Assault,2015-12-01,30,Male,White,50,Male,White,RELATIONSHIP UNKNOWN
Sexual Orientation,ANTI-GAY (MALE),,BIAS CRIME,Bar/ Nightclub,43615436049,Simple Assault,2015-12-01,,Male,,30,Male,Latinx,VICTIM WAS STRANGER
Sexual Orientation,ANTI-GAY (MALE),,BIAS CRIME,Department/Discount Store,27520275672,Intimidation,2020-09-01,101,Female,White,26,Male,Latinx,VICTIM WAS STRANGER
Sexual Orientation,ANTI-GAY (MALE),,BIAS CRIME,Other/Unknown,18920189287,Aggravated Assault,2020-06-01,60,Male,Black,58,Male,White,VICTIM WAS ACQUAINTANCE
Sexual Orientation,ANTI-GAY (MALE),,BIAS CRIME,Other/Unknown,18920189287,Aggravated Assault,2020-06-01,60,Male,Black,60,Female,White,VICTIM WAS ACQUAINTANCE
Sexual Orientation,ANTI-GAY (MALE),,BIAS CRIME,Other/Unknown,18920189287,Aggravated Assault,2020-06-01,60,Male,Black,61,Male,White,VICTIM WAS ACQUAINTANCE
Sexual Orientation,ANTI-GAY (MALE),,BIAS CRIME,Other/Unknown,33420334977,All Other Offenses,2020-11-01,,,,40,Male,White,
Sexual Orientation,ANTI-GAY (MALE),,BIAS CRIME,Other/Unknown,33420334786,Simple Assault,2020-11-01,,,,19,Male,Black,
Sexual Orientation,ANTI-GAY (MALE),,BIAS CRIME,Parking/Drop Lot/Garage,82402182461,Vandalism,2021-03-01,,,,23,Male,White,
Sexual Orientation,ANTI-GAY (MALE),,BIAS CRIME,Parking/Drop Lot/Garage,82502182517,Vandalism,2021-03-01,,,,23,Male,White,
Sexual Orientation,ANTI-GAY (MALE),,BIAS CRIME,Residence /Home,40818408225,Simple Assault,2018-12-01,50,Male,White,65,Male,White,VICTIM WAS ACQUAINTANCE
Sexual Orientation,ANTI-GAY (MALE),,BIAS CRIME,Residence /Home,90415904447,Vandalism,2015-09-01,,,,30,Male,White,RELATIONSHIP UNKNOWN
Sexual Orientation,ANTI-GAY (MALE),,BIAS CRIME,Residence/Home,14602114604,Aggravated Assault,2021-01-01,34,Male,White,40,Male,White,VICTIM WAS STRANGER
Sexual Orientation,ANTI-GAY (MALE),,BIAS CRIME,Residence/Home,14602114604,Aggravated Assault,2021-01-01,34,Male,White,75,Male,White,VICTIM WAS NEIGHBOR
Sexual Orientation,ANTI-GAY (MALE),,BIAS CRIME,Residence/Home,23321233465,Aggravated Assault,2021-08-01,32,Male,White,17,Male,White,VICTIM WAS STRANGER
Sexual Orientation,ANTI-GAY (MALE),,BIAS CRIME,Residence/Home,23321233465,Aggravated Assault,2021-08-01,32,Male,White,50,Male,White,VICTIM WAS NEIGHBOR
Sexual Orientation,ANTI-GAY (MALE),,BIAS CRIME,Residence/Home,19521195070,Burglary,2021-07-01,,,,35,Male,White,
Sexual Orientation,ANTI-GAY (MALE),,BIAS CRIME,Residence/Home,19821198611,Burglary,2021-07-01,27,Male,White,28,Male,White,
Sexual Orientation,ANTI-GAY (MALE),,BIAS CRIME,Residence/Home,19821198611,Burglary,2021-07-01,27,Male,White,42,Male,White,
Sexual Orientation,ANTI-GAY (MALE),,BIAS CRIME,Residence/Home,16320163605,Simple Assault,2020-05-01,,,,28,Male,Unknown,VICTIM WAS OTHERWISE KNOWN
Sexual Orientation,ANTI-GAY (MALE),,BIAS CRIME,Residence/Home,23402123435,Vandalism,2021-01-01,,,,73,Female,White,
Sexual Orientation,ANTI-GAY (MALE),,BIAS CRIME,Restaurant,21521215560,Simple Assault,2021-08-01,41,Female,White,21,Male,Latinx,VICTIM WAS STRANGER
Sexual Orientation,ANTI-GAY (MALE),,BIAS CRIME,Specialty Store,23221232474,Aggravated Assault,2021-08-01,24,Male,Asian,22,Male,Black,VICTIM WAS STRANGER
Sexual Orientation,ANTI-GAY (MALE),,BIAS CRIME,Specialty Store,31721317855,Vandalism,2021-11-01,44,Male,Asian,31,Male,White,VICTIM WAS ACQUAINTANCE
Sexual Orientation,ANTI-GAY (MALE),,BIAS CRIME,Street/Highway/ Road/Alley/ Sidewalk,17117171908,Aggravated Assault,2017-06-01,30,Male,White,30,Male,White,VICTIM WAS STRANGER
Sexual Orientation,ANTI-GAY (MALE),,BIAS CRIME,Street/Highway/ Road/Alley/ Sidewalk,35917359521,Aggravated Assault,2017-10-01,30,Male,Black,30,Male,White,VICTIM WAS STRANGER
Sexual Orientation,ANTI-GAY (MALE),,BIAS CRIME,Street/Highway/ Road/Alley/ Sidewalk,42918429030,Disorderly Conduct,2018-12-01,15,Male,Black,30,Male,White,VICTIM WAS STRANGER
Sexual Orientation,ANTI-GAY (MALE),,BIAS CRIME,Street/Highway/ Road/Alley/ Sidewalk,16715167582,Simple Assault,2015-05-01,50,Male,White,22,Male,White,VICTIM WAS STRANGER
Sexual Orientation,ANTI-GAY (MALE),,BIAS CRIME,Street/Highway/ Road/Alley/ Sidewalk,17615176107,Simple Assault,2015-05-01,30,Male,White,30,Male,White,VICTIM WAS STRANGER
Sexual Orientation,ANTI-GAY (MALE),,BIAS CRIME,Street/Highway/ Road/Alley/ Sidewalk,26902026964,Simple Assault,2020-01-01,15,Male,White,50,Male,White,VICTIM WAS STRANGER
Sexual Orientation,ANTI-GAY (MALE),,BIAS CRIME,Street/Highway/ Road/Alley/ Sidewalk,27219272526,Simple Assault,2019-08-01,50,Male,White,18,Male,Latinx,VICTIM WAS STRANGER
Sexual Orientation,ANTI-GAY (MALE),,BIAS CRIME,Street/Highway/ Road/Alley/ Sidewalk,27219272526,Simple Assault,2019-08-01,50,Male,White,22,Male,Latinx,VICTIM WAS STRANGER
Sexual Orientation,ANTI-GAY (MALE),,BIAS CRIME,Street/Highway/ Road/Alley/ Sidewalk,30119301186,Simple Assault,2019-09-01,50,Male,White,22,Male,White,VICTIM WAS STRANGER
Sexual Orientation,ANTI-GAY (MALE),,BIAS CRIME,Street/Highway/ Road/Alley/ Sidewalk,36018360687,Simple Assault,2018-10-01,30,Male,Black,22,Female,Black,VICTIM WAS STRANGER
Sexual Orientation,ANTI-GAY (MALE),,BIAS CRIME,Street/Highway/Road/Alley/Sidewalk,16321163711,Aggravated Assault,2021-06-01,42,Male,White,22,Male,White,VICTIM WAS STRANGER
Sexual Orientation,ANTI-GAY (MALE),,BIAS CRIME,Street/Highway/Road/Alley/Sidewalk,16321163711,Aggravated Assault,2021-06-01,42,Male,White,23,Male,White,VICTIM WAS STRANGER
Sexual Orientation,ANTI-GAY (MALE),,BIAS CRIME,Street/Highway/Road/Alley/Sidewalk,23121231562,Aggravated Assault,2021-08-01,63,Male,White,33,Female,White,RELATIONSHIP UNKNOWN
Sexual Orientation,ANTI-GAY (MALE),,BIAS CRIME,Street/Highway/Road/Alley/Sidewalk,38420384608,Aggravated Assault,2020-12-01,42,Male,Asian,32,Male,White,VICTIM WAS STRANGER
Sexual Orientation,ANTI-GAY (MALE),,BIAS CRIME,Street/Highway/Road/Alley/Sidewalk,27120271569,Intimidation,2020-09-01,29,Female,White,17,Male,Latinx,VICTIM WAS ACQUAINTANCE
Sexual Orientation,ANTI-GAY (MALE),,BIAS CRIME,Street/Highway/Road/Alley/Sidewalk,27120271569,Intimidation,2020-09-01,43,Male,White,17,Male,Latinx,VICTIM WAS ACQUAINTANCE
Sexual Orientation,ANTI-GAY (MALE),,BIAS CRIME,Street/Highway/Road/Alley/Sidewalk,27120271569,Intimidation,2020-09-01,62,Female,White,17,Male,Latinx,VICTIM WAS ACQUAINTANCE
Sexual Orientation,ANTI-GAY (MALE),,BIAS CRIME,Street/Highway/Road/Alley/Sidewalk,17621176268,Simple Assault,2021-06-01,38,Female,White,66,Male,White,VICTIM WAS STRANGER
Sexual Orientation,ANTI-GAY (MALE),,BIAS INCIDENT,Parking/Drop Lot/Garage,27421274172,,2021-10-01,,,,,,,
Sexual Orientation,ANTI-GAY (MALE),,BIAS INCIDENT,Residence/Home,11602111614,,2021-01-01,,,,,,,
Sexual Orientation,ANTI-GAY (MALE),,BIAS INCIDENT,Residence/Home,31520315350,Aggravated Assault,2020-10-01,40,Male,Black,34,Male,Black,VICTIM WAS CHILD OF BOYFRIEND/GIRLFRIEND
Sexual Orientation,ANTI-GAY (MALE),,BIAS INCIDENT,Residence/Home,31520315350,Aggravated Assault,2020-10-01,40,Male,Black,58,Female,Asian,VICTIM WAS BOYFRIEND/GIRLFRIEND
Sexual Orientation,ANTI-GAY (MALE),,BIAS INCIDENT,Residence/Home,30220302457,Simple Assault,2020-10-01,25,Female,Black,23,Male,Latinx,VICTIM WAS NEIGHBOR
Sexual Orientation,ANTI-GAY (MALE),,BIAS INCIDENT,Residence/Home,86002186030,Vandalism,2021-03-01,31,Female,Black,41,Male,White,VICTIM WAS STRANGER
Sexual Orientation,ANTI-GAY (MALE),,BIAS INCIDENT,Street/Highway/Road/Alley/Sidewalk,14421144230,,2021-05-01,54,Male,Latinx,,,,
Sexual Orientation,ANTI-GAY (MALE),VICTIM,BIAS CRIME,Bar/ Nightclub,26301526399,Larceny,2015-04-01,30,Male,White,30,Male,White,
Sexual Orientation,ANTI-GAY (MALE),VICTIM,BIAS CRIME,Bar/Nightclub,19220192892,All Other Larceny,2020-06-01,16,Male,U,,,,
Sexual Orientation,ANTI-GAY (MALE),VICTIM,BIAS CRIME,Bar/Nightclub,19220192892,All Other Larceny,2020-06-01,18,Male,White,,,,
Sexual Orientation,ANTI-LESBIAN (FEMALE),,BIAS CRIME,Residence /Home,39619396096,Vandalism,2019-11-01,,,,30,Female,Black,RELATIONSHIP UNKNOWN
Sexual Orientation,ANTI-LESBIAN (FEMALE),,BIAS CRIME,Street/Highway/Road/Alley/Sidewalk,22521225531,Disorderly Conduct,2021-08-01,62,Female,White,57,Female,White,VICTIM WAS NEIGHBOR
Sexual Orientation,ANTI-LESBIAN (FEMALE),,BIAS CRIME,Street/Highway/Road/Alley/Sidewalk,22521225531,Disorderly Conduct,2021-08-01,62,Female,White,59,Female,White,VICTIM WAS NEIGHBOR
Sexual Orientation,"ANTI-LESBIAN, GAY, BISEXUAL, OR TRANSGENDER (MIXED GROUP)",,BIAS CRIME,Field/Woods,24618246767,Aggravated Assault,2018-07-01,30,Male,Asian,30,Male,White,VICTIM WAS STRANGER
Sexual Orientation,"ANTI-LESBIAN, GAY, BISEXUAL, OR TRANSGENDER (MIXED GROUP)",,BIAS CRIME,Field/Woods,36018360385,Aggravated Assault,2018-10-01,,,,30,Female,Latinx,VICTIM WAS STRANGER
Sexual Orientation,"ANTI-LESBIAN, GAY, BISEXUAL, OR TRANSGENDER (MIXED GROUP)",,BIAS CRIME,Residence /Home,27418274497,Intimidation,2018-08-01,30,Male,White,30,Male,White,VICTIM WAS NEIGHBOR
Sexual Orientation,"ANTI-LESBIAN, GAY, BISEXUAL, OR TRANSGENDER (MIXED GROUP)",,BIAS CRIME,Street/Highway/ Road/Alley/ Sidewalk,19419194871,Simple Assault,2019-06-01,30,Male,Black,30,Male,White,VICTIM WAS STRANGER
Sexual Orientation,"ANTI-LESBIAN, GAY, BISEXUAL, OR TRANSGENDER (MIXED GROUP)",,BIAS CRIME,Street/Highway/ Road/Alley/ Sidewalk,20218202972,Simple Assault,2018-06-01,22,Male,White,22,Male,White,VICTIM WAS STRANGER
Sexual Orientation,"ANTI-LESBIAN, GAY, BISEXUAL, or TRANSGENDER (MIXED GROUP)",,BIAS CRIME,Residence/Home,89802189803,Intimidation,2021-01-01,71,Male,White,37,Male,White,VICTIM WAS ACQUAINTANCE
Sexual Orientation,"ANTI-LESBIAN, GAY, BISEXUAL, or TRANSGENDER (MIXED GROUP)",,BIAS CRIME,Street/Highway/Road/Alley/Sidewalk,36620366500,Intimidation,2020-12-01,,,,47,Female,Black,VICTIM WAS STRANGER
Sexual Orientation,"ANTI-LESBIAN, GAY, BISEXUAL, or TRANSGENDER (MIXED GROUP)",,BIAS CRIME,Street/Highway/Road/Alley/Sidewalk,54222021542,Robbery,2021-01-01,43,Male,White,19,Male,White,VICTIM WAS OTHERWISE KNOWN
Sexual Orientation,"ANTI-LESBIAN, GAY, BISEXUAL, or TRANSGENDER (MIXED GROUP)",,BIAS CRIME,Street/Highway/Road/Alley/Sidewalk,54222021542,Robbery,2021-01-01,43,Male,White,49,Male,White,VICTIM WAS STRANGER
Sexual Orientation,"ANTI-LESBIAN, GAY, BISEXUAL, or TRANSGENDER (MIXED GROUP)",,BIAS CRIME,Street/Highway/Road/Alley/Sidewalk,30921309846,Simple Assault,2021-11-01,48,Male,White,23,Female,White,VICTIM WAS STRANGER
Sexual Orientation,"ANTI-LESBIAN, GAY, BISEXUAL, or TRANSGENDER (MIXED GROUP)",,BIAS CRIME,Street/Highway/Road/Alley/Sidewalk,37820378729,Simple Assault,2020-12-01,,,,23,Female,Unknown,
Sexual Orientation,"ANTI-LESBIAN, GAY, BISEXUAL, or TRANSGENDER (MIXED GROUP)",,BIAS CRIME,Street/Highway/Road/Alley/Sidewalk,37820378729,Simple Assault,2020-12-01,,,,24,Female,White,
Sexual Orientation,"ANTI-LESBIAN, GAY, BISEXUAL, or TRANSGENDER (MIXED GROUP)",,BIAS INCIDENT,Street/Highway/Road/Alley/Sidewalk,24721247476,Aggravated Assault,2021-09-01,38,Male,White,35,Male,White,VICTIM WAS STRANGER
Sexual Orientation,"ANTI-LESBIAN, GAY, BISEXUAL, or TRANSGENDER (MIXED GROUP)",VICTIM,BIAS CRIME,Church/Synagogue/Temple/Mosque,14420144240,Vandalism,2020-05-01,,,,,,,
Sexual Orientation,"ANTI-LESBIAN, GAY, BISEXUAL, or TRANSGENDER (MIXED GROUP)",VICTIM,BIAS CRIME,Church/Synagogue/Temple/Mosque,14720147910,Vandalism,2020-05-01,,,,,,,
Sexual Orientation,"ANTI-LESBIAN, GAY, BISEXUAL, or TRANSGENDER (MIXED GROUP)",VICTIM,BIAS INCIDENT,Residence/Home,36021360341,Vandalism,2021-12-01,,,,,,,